domain,file,n_train,n_features,n_sparse,ks_mean,ks_pass,ks_total,tstr_f1,trts_f1,base_f1,gap
blackhole_var10_base,10_features_timeseries_60_sec.csv,430,14,12,0.2108,4,14,1.0,0.999,1.0,0.001
blackhole_var10_base,11_features_timeseries_60_sec.csv,430,14,6,0.2017,4,14,0.3711,0.3333,0.0,0.0377
blackhole_var10_base,12_features_timeseries_60_sec.csv,430,14,12,0.2006,4,14,1.0,1.0,1.0,0.0
blackhole_var10_base,13_features_timeseries_60_sec.csv,430,14,6,0.2231,4,14,0.3289,0.3378,0.0385,0.0089
blackhole_var10_base,14_features_timeseries_60_sec.csv,430,14,6,0.2074,4,14,0.3631,0.3333,0.0,0.0297
blackhole_var10_base,15_features_timeseries_60_sec.csv,430,14,12,0.1899,4,14,1.0,1.0,1.0,0.0
blackhole_var10_base,16_features_timeseries_60_sec.csv,430,14,12,0.232,4,14,0.3631,0.3333,0.0,0.0297
blackhole_var10_base,17_features_timeseries_60_sec.csv,430,14,12,0.2222,4,14,0.2126,0.3333,0.0,0.1207
blackhole_var10_base,18_features_timeseries_60_sec.csv,430,14,12,0.2093,4,14,1.0,0.991,1.0,0.009
blackhole_var10_base,19_features_timeseries_60_sec.csv,430,14,6,0.1827,4,14,0.3548,0.3333,0.0,0.0215
blackhole_var10_base,1_features_timeseries_60_sec.csv,430,14,6,0.2031,4,14,0.3289,0.3333,0.0,0.0045
blackhole_var10_base,20_features_timeseries_60_sec.csv,430,14,7,0.1905,4,14,1.0,1.0,1.0,0.0
blackhole_var10_base,2_features_timeseries_60_sec.csv,430,14,8,0.1508,4,14,1.0,1.0,1.0,0.0
blackhole_var10_base,3_features_timeseries_60_sec.csv,430,14,6,0.1952,4,14,0.3711,0.3333,0.0,0.0377
blackhole_var10_base,4_features_timeseries_60_sec.csv,430,14,12,0.1981,4,14,0.0991,0.3333,0.0,0.2342
blackhole_var10_base,5_features_timeseries_60_sec.csv,430,14,12,0.2325,4,14,1.0,1.0,1.0,0.0
blackhole_var10_base,6_features_timeseries_60_sec.csv,430,14,6,0.1777,4,14,1.0,1.0,1.0,0.0
blackhole_var10_base,7_features_timeseries_60_sec.csv,430,14,10,0.2014,4,14,0.1736,0.3333,0.0,0.1598
blackhole_var10_base,8_features_timeseries_60_sec.csv,430,14,6,0.2137,4,14,1.0,1.0,1.0,0.0
blackhole_var10_base,9_features_timeseries_60_sec.csv,430,14,6,0.1761,4,14,1.0,1.0,1.0,0.0
blackhole_var10_dec,10_features_timeseries_60_sec.csv,436,14,10,0.1701,4,14,1.0,1.0,1.0,0.0
blackhole_var10_dec,11_features_timeseries_60_sec.csv,435,14,6,0.183,4,14,1.0,1.0,1.0,0.0
blackhole_var10_dec,12_features_timeseries_60_sec.csv,436,14,12,0.248,4,14,0.1969,0.3333,0.0,0.1365
blackhole_var10_dec,13_features_timeseries_60_sec.csv,435,14,6,0.1912,4,14,1.0,1.0,1.0,0.0
blackhole_var10_dec,14_features_timeseries_60_sec.csv,436,14,8,0.1484,5,14,0.0,0.967,0.0,0.967
blackhole_var10_dec,15_features_timeseries_60_sec.csv,436,14,12,0.1986,4,14,1.0,1.0,1.0,0.0
blackhole_var10_dec,16_features_timeseries_60_sec.csv,435,14,12,0.2089,4,14,0.3704,0.3333,0.0,0.037
blackhole_var10_dec,17_features_timeseries_60_sec.csv,435,14,12,0.203,4,14,1.0,1.0,1.0,0.0
blackhole_var10_dec,18_features_timeseries_60_sec.csv,436,14,10,0.2127,5,14,0.0,0.986,0.0,0.986
blackhole_var10_dec,19_features_timeseries_60_sec.csv,436,14,8,0.1415,4,14,1.0,1.0,1.0,0.0
blackhole_var10_dec,1_features_timeseries_60_sec.csv,436,14,6,0.1944,4,14,0.3544,0.3333,0.0,0.0211
blackhole_var10_dec,20_features_timeseries_60_sec.csv,436,14,6,0.1884,4,14,0.0,0.98,0.0,0.98
blackhole_var10_dec,2_features_timeseries_60_sec.csv,436,14,6,0.2093,4,14,0.2714,0.3333,0.0,0.0619
blackhole_var10_dec,3_features_timeseries_60_sec.csv,435,14,6,0.1738,4,14,1.0,1.0,1.0,0.0
blackhole_var10_dec,4_features_timeseries_60_sec.csv,435,14,12,0.2144,4,14,0.427,0.3333,0.0,0.0936
blackhole_var10_dec,5_features_timeseries_60_sec.csv,436,14,12,0.2095,4,14,1.0,1.0,1.0,0.0
blackhole_var10_dec,6_features_timeseries_60_sec.csv,435,14,6,0.1832,4,14,1.0,1.0,1.0,0.0
blackhole_var10_dec,7_features_timeseries_60_sec.csv,435,14,12,0.2152,4,14,1.0,0.999,1.0,0.001
blackhole_var10_dec,8_features_timeseries_60_sec.csv,435,14,6,0.219,4,14,1.0,0.3333,1.0,0.6667
blackhole_var10_dec,9_features_timeseries_60_sec.csv,435,14,6,0.1825,4,14,1.0,1.0,1.0,0.0
blackhole_var10_oo,10_features_timeseries_60_sec.csv,304,14,12,0.1943,4,14,0.2959,0.3333,0.0,0.0374
blackhole_var10_oo,11_features_timeseries_60_sec.csv,305,14,6,0.1989,4,14,0.4202,0.3333,0.0,0.0868
blackhole_var10_oo,12_features_timeseries_60_sec.csv,305,14,12,0.2895,4,14,0.2887,0.3333,0.0,0.0447
blackhole_var10_oo,13_features_timeseries_60_sec.csv,305,14,6,0.2145,4,14,0.4733,0.5512,0.31,0.0779
blackhole_var10_oo,14_features_timeseries_60_sec.csv,304,14,6,0.2082,4,14,0.4773,0.8709,0.25,0.3936
blackhole_var10_oo,15_features_timeseries_60_sec.csv,305,14,12,0.2265,4,14,0.2959,0.3333,0.0,0.0374
blackhole_var10_oo,16_features_timeseries_60_sec.csv,305,14,12,0.2387,4,14,1.0,0.4047,0.4298,0.5953
blackhole_var10_oo,17_features_timeseries_60_sec.csv,304,14,12,0.237,4,14,0.4733,0.3333,0.0,0.1399
blackhole_var10_oo,18_features_timeseries_60_sec.csv,305,14,8,0.1832,4,14,1.0,0.7321,0.4153,0.2679
blackhole_var10_oo,19_features_timeseries_60_sec.csv,305,14,6,0.2211,4,14,0.1039,0.3333,0.0,0.2294
blackhole_var10_oo,1_features_timeseries_60_sec.csv,304,14,8,0.2277,4,14,0.4103,0.3333,0.0,0.0769
blackhole_var10_oo,20_features_timeseries_60_sec.csv,304,14,6,0.2323,4,14,0.2959,0.3333,0.0,0.0374
blackhole_var10_oo,2_features_timeseries_60_sec.csv,304,14,6,0.1693,4,14,0.2887,0.3333,0.0,0.0447
blackhole_var10_oo,3_features_timeseries_60_sec.csv,305,14,6,0.2238,4,14,0.2737,0.3333,0.0,0.0596
blackhole_var10_oo,4_features_timeseries_60_sec.csv,305,14,12,0.2377,4,14,1.0,0.3333,0.0,0.6667
blackhole_var10_oo,5_features_timeseries_60_sec.csv,305,14,12,0.2561,4,14,1.0,0.3333,0.0,0.6667
blackhole_var10_oo,6_features_timeseries_60_sec.csv,305,14,6,0.1652,4,14,0.2887,0.3333,0.0,0.0447
blackhole_var10_oo,7_features_timeseries_60_sec.csv,305,14,12,0.2163,4,14,0.4773,0.3378,0.0921,0.1395
blackhole_var10_oo,8_features_timeseries_60_sec.csv,305,14,6,0.205,4,14,0.4153,0.3333,0.266,0.0819
blackhole_var10_oo,9_features_timeseries_60_sec.csv,305,14,6,0.2095,4,14,0.448,0.3333,0.0,0.1147
blackhole_var15_base,10_features_timeseries_60_sec.csv,430,14,6,0.1915,4,14,1.0,1.0,1.0,0.0
blackhole_var15_base,11_features_timeseries_60_sec.csv,430,14,6,0.1897,4,14,0.1597,0.3333,0.0,0.1737
blackhole_var15_base,12_features_timeseries_60_sec.csv,430,14,6,0.1723,4,14,1.0,1.0,1.0,0.0
blackhole_var15_base,13_features_timeseries_60_sec.csv,430,14,6,0.1681,4,14,1.0,1.0,1.0,0.0
blackhole_var15_base,14_features_timeseries_60_sec.csv,430,14,6,0.2061,4,14,0.3056,0.3333,0.0,0.0278
blackhole_var15_base,15_features_timeseries_60_sec.csv,430,14,6,0.2023,4,14,0.3151,0.3333,0.0,0.0183
blackhole_var15_base,16_features_timeseries_60_sec.csv,430,14,6,0.2224,4,14,0.2063,0.3333,0.0,0.127
blackhole_var15_base,17_features_timeseries_60_sec.csv,430,14,6,0.1262,4,14,0.0,0.8887,0.0,0.8887
blackhole_var15_base,18_features_timeseries_60_sec.csv,430,14,6,0.2165,4,14,1.0,1.0,1.0,0.0
blackhole_var15_base,19_features_timeseries_60_sec.csv,430,14,6,0.2001,4,14,0.3056,0.3333,0.0,0.0278
blackhole_var15_base,1_features_timeseries_60_sec.csv,430,14,6,0.1928,4,14,0.2701,0.4848,0.1453,0.2147
blackhole_var15_base,20_features_timeseries_60_sec.csv,430,14,6,0.2282,4,14,0.3103,0.3333,0.0,0.023
blackhole_var15_base,2_features_timeseries_60_sec.csv,430,14,6,0.1989,4,14,0.3464,1.0,0.3464,0.6536
blackhole_var15_base,3_features_timeseries_60_sec.csv,430,14,6,0.2152,4,14,0.422,0.3333,0.2248,0.0886
blackhole_var15_base,4_features_timeseries_60_sec.csv,430,14,6,0.2086,4,14,1.0,1.0,1.0,0.0
blackhole_var15_base,5_features_timeseries_60_sec.csv,430,14,6,0.1831,4,14,1.0,0.3333,0.2,0.6667
blackhole_var15_base,6_features_timeseries_60_sec.csv,430,14,6,0.1792,4,14,0.2424,1.0,0.2424,0.7576
blackhole_var15_base,7_features_timeseries_60_sec.csv,430,14,6,0.2173,4,14,0.3464,0.3333,0.0,0.0131
blackhole_var15_base,8_features_timeseries_60_sec.csv,430,14,6,0.1959,4,14,1.0,1.0,1.0,0.0
blackhole_var15_base,9_features_timeseries_60_sec.csv,430,14,6,0.2088,4,14,1.0,1.0,1.0,0.0
blackhole_var15_dec,10_features_timeseries_60_sec.csv,436,14,6,0.2275,4,14,0.4426,0.3333,0.0,0.1093
blackhole_var15_dec,11_features_timeseries_60_sec.csv,436,14,6,0.1861,4,14,1.0,1.0,1.0,0.0
blackhole_var15_dec,12_features_timeseries_60_sec.csv,436,14,6,0.1989,4,14,0.3061,0.3333,0.0,0.0272
blackhole_var15_dec,13_features_timeseries_60_sec.csv,436,14,6,0.1768,4,14,1.0,1.0,1.0,0.0
blackhole_var15_dec,14_features_timeseries_60_sec.csv,435,14,6,0.1798,4,14,1.0,1.0,1.0,0.0
blackhole_var15_dec,15_features_timeseries_60_sec.csv,436,14,6,0.1967,4,14,0.1429,0.973,0.0973,0.8301
blackhole_var15_dec,16_features_timeseries_60_sec.csv,436,14,7,0.2246,4,14,1.0,0.998,1.0,0.002
blackhole_var15_dec,17_features_timeseries_60_sec.csv,436,14,6,0.2041,4,14,0.4104,0.3333,0.0,0.0771
blackhole_var15_dec,18_features_timeseries_60_sec.csv,436,14,6,0.2169,4,14,1.0,1.0,1.0,0.0
blackhole_var15_dec,19_features_timeseries_60_sec.csv,435,14,6,0.2104,4,14,0.495,1.0,0.4925,0.505
blackhole_var15_dec,1_features_timeseries_60_sec.csv,436,14,6,0.1977,4,14,0.2093,0.3333,0.0,0.124
blackhole_var15_dec,20_features_timeseries_60_sec.csv,435,14,6,0.1816,4,14,1.0,1.0,1.0,0.0
blackhole_var15_dec,2_features_timeseries_60_sec.csv,436,14,6,0.196,4,14,0.3154,1.0,0.3154,0.6846
blackhole_var15_dec,3_features_timeseries_60_sec.csv,436,14,6,0.1772,4,14,0.4138,0.988,0.4138,0.5742
blackhole_var15_dec,4_features_timeseries_60_sec.csv,435,14,6,0.226,4,14,0.184,0.3333,0.0,0.1493
blackhole_var15_dec,5_features_timeseries_60_sec.csv,436,14,6,0.187,4,14,1.0,1.0,1.0,0.0
blackhole_var15_dec,6_features_timeseries_60_sec.csv,435,14,6,0.1765,4,14,1.0,1.0,1.0,0.0
blackhole_var15_dec,7_features_timeseries_60_sec.csv,436,14,6,0.1985,4,14,1.0,1.0,1.0,0.0
blackhole_var15_dec,8_features_timeseries_60_sec.csv,436,14,6,0.1958,4,14,0.3503,1.0,0.3503,0.6497
blackhole_var15_dec,9_features_timeseries_60_sec.csv,435,14,6,0.1772,4,14,1.0,1.0,1.0,0.0
blackhole_var15_oo,10_features_timeseries_60_sec.csv,305,14,6,0.2302,4,14,0.3894,0.3333,0.0,0.056
blackhole_var15_oo,11_features_timeseries_60_sec.csv,305,14,6,0.2016,4,14,0.1154,0.3333,0.0,0.2179
blackhole_var15_oo,12_features_timeseries_60_sec.csv,305,14,6,0.2039,4,14,0.1687,0.3333,0.0,0.1647
blackhole_var15_oo,13_features_timeseries_60_sec.csv,304,14,6,0.1924,4,14,0.266,0.3333,0.0,0.0674
blackhole_var15_oo,14_features_timeseries_60_sec.csv,305,14,6,0.2176,4,14,0.4298,0.3333,0.0,0.0964
blackhole_var15_oo,15_features_timeseries_60_sec.csv,305,14,6,0.2026,4,14,0.25,0.3333,0.0,0.0833
blackhole_var15_oo,16_features_timeseries_60_sec.csv,304,14,6,0.2325,4,14,0.2737,0.3333,0.0,0.0596
blackhole_var15_oo,17_features_timeseries_60_sec.csv,305,14,6,0.2625,4,14,0.4851,0.7501,0.303,0.265
blackhole_var15_oo,18_features_timeseries_60_sec.csv,305,14,6,0.2076,4,14,0.4926,0.3333,0.0,0.1593
blackhole_var15_oo,19_features_timeseries_60_sec.csv,305,14,6,0.2188,4,14,1.0,0.9448,0.3839,0.0552
blackhole_var15_oo,1_features_timeseries_60_sec.csv,305,14,6,0.195,4,14,0.2737,0.3333,0.0,0.0596
blackhole_var15_oo,20_features_timeseries_60_sec.csv,305,14,6,0.277,4,14,1.0,0.5819,0.1786,0.4181
blackhole_var15_oo,2_features_timeseries_60_sec.csv,305,14,6,0.2236,4,14,0.2581,0.3333,0.0,0.0753
blackhole_var15_oo,3_features_timeseries_60_sec.csv,305,14,6,0.2478,4,14,0.4889,0.3356,0.3365,0.1533
blackhole_var15_oo,4_features_timeseries_60_sec.csv,305,14,6,0.2425,4,14,0.2959,0.3333,0.0,0.0374
blackhole_var15_oo,5_features_timeseries_60_sec.csv,305,14,6,0.1873,4,14,1.0,0.3333,0.266,0.6667
blackhole_var15_oo,6_features_timeseries_60_sec.csv,305,14,6,0.1787,4,14,0.3551,0.3333,0.0,0.0218
blackhole_var15_oo,7_features_timeseries_60_sec.csv,305,14,6,0.1991,4,14,0.2333,0.3333,0.0,0.1
blackhole_var15_oo,8_features_timeseries_60_sec.csv,305,14,6,0.2178,4,14,0.0,0.4433,0.0,0.4433
blackhole_var15_oo,9_features_timeseries_60_sec.csv,305,14,6,0.1704,4,14,0.3301,0.3333,0.0,0.0032
blackhole_var20_base,10_features_timeseries_60_sec.csv,430,14,6,0.2132,4,14,0.3631,0.3333,0.0,0.0297
blackhole_var20_base,11_features_timeseries_60_sec.csv,430,14,6,0.1995,4,14,0.2857,0.3333,0.0,0.0476
blackhole_var20_base,12_features_timeseries_60_sec.csv,430,14,6,0.1721,4,14,0.3464,0.3333,0.0,0.0131
blackhole_var20_base,13_features_timeseries_60_sec.csv,430,14,6,0.1877,4,14,1.0,1.0,1.0,0.0
blackhole_var20_base,14_features_timeseries_60_sec.csv,430,14,6,0.2091,4,14,1.0,1.0,1.0,0.0
blackhole_var20_base,15_features_timeseries_60_sec.csv,430,14,6,0.177,4,14,1.0,1.0,1.0,0.0
blackhole_var20_base,16_features_timeseries_60_sec.csv,430,14,6,0.1959,4,14,1.0,0.9408,1.0,0.0592
blackhole_var20_base,17_features_timeseries_60_sec.csv,430,14,6,0.1637,4,14,0.4253,0.9256,0.422,0.5003
blackhole_var20_base,18_features_timeseries_60_sec.csv,430,14,6,0.1837,4,14,1.0,1.0,1.0,0.0
blackhole_var20_base,19_features_timeseries_60_sec.csv,430,14,6,0.1813,4,14,0.3056,0.3333,0.0,0.0278
blackhole_var20_base,1_features_timeseries_60_sec.csv,430,14,6,0.1724,4,14,0.0,0.7063,0.0,0.7063
blackhole_var20_base,20_features_timeseries_60_sec.csv,430,14,6,0.2007,4,14,0.3671,0.3333,0.0,0.0338
blackhole_var20_base,2_features_timeseries_60_sec.csv,430,14,6,0.2176,4,14,1.0,1.0,1.0,0.0
blackhole_var20_base,3_features_timeseries_60_sec.csv,430,14,6,0.1836,4,14,1.0,1.0,0.4286,0.0
blackhole_var20_base,4_features_timeseries_60_sec.csv,430,14,7,0.1964,4,14,1.0,0.997,1.0,0.003
blackhole_var20_base,5_features_timeseries_60_sec.csv,430,14,6,0.1697,4,14,1.0,1.0,1.0,0.0
blackhole_var20_base,6_features_timeseries_60_sec.csv,430,14,6,0.1442,5,14,0.4975,1.0,0.4975,0.5025
blackhole_var20_base,7_features_timeseries_60_sec.csv,430,14,6,0.1979,4,14,1.0,1.0,1.0,0.0
blackhole_var20_base,8_features_timeseries_60_sec.csv,430,14,6,0.1953,4,14,0.3056,0.3333,0.0,0.0278
blackhole_var20_base,9_features_timeseries_60_sec.csv,430,14,6,0.2022,4,14,0.1736,0.3333,0.0,0.1598
blackhole_var20_dec,10_features_timeseries_60_sec.csv,436,14,6,0.1971,4,14,1.0,1.0,1.0,0.0
blackhole_var20_dec,11_features_timeseries_60_sec.csv,435,14,6,0.2217,4,14,0.2817,0.3333,0.0,0.0516
blackhole_var20_dec,12_features_timeseries_60_sec.csv,436,14,6,0.178,4,14,1.0,1.0,0.49,0.0
blackhole_var20_dec,13_features_timeseries_60_sec.csv,436,14,6,0.1952,4,14,1.0,1.0,1.0,0.0
blackhole_var20_dec,14_features_timeseries_60_sec.csv,436,14,7,0.1783,4,14,1.0,1.0,1.0,0.0
blackhole_var20_dec,15_features_timeseries_60_sec.csv,436,14,6,0.1822,4,14,0.4822,0.3333,0.0642,0.1489
blackhole_var20_dec,16_features_timeseries_60_sec.csv,435,14,6,0.2306,4,14,0.4874,0.3333,0.0,0.1541
blackhole_var20_dec,17_features_timeseries_60_sec.csv,436,14,6,0.1934,4,14,0.3585,0.3333,0.0,0.0252
blackhole_var20_dec,18_features_timeseries_60_sec.csv,436,14,6,0.1665,4,14,1.0,1.0,1.0,0.0
blackhole_var20_dec,19_features_timeseries_60_sec.csv,435,14,6,0.1648,4,14,1.0,1.0,1.0,0.0
blackhole_var20_dec,1_features_timeseries_60_sec.csv,436,14,6,0.2046,4,14,0.2817,0.3333,0.0,0.0516
blackhole_var20_dec,20_features_timeseries_60_sec.csv,435,14,6,0.2054,4,14,0.4035,0.3333,0.0,0.0702
blackhole_var20_dec,2_features_timeseries_60_sec.csv,435,14,6,0.1793,4,14,0.0,0.756,0.0,0.756
blackhole_var20_dec,3_features_timeseries_60_sec.csv,436,14,6,0.2039,4,14,1.0,0.995,0.4516,0.005
blackhole_var20_dec,4_features_timeseries_60_sec.csv,436,14,6,0.2271,4,14,0.1356,0.3333,0.0,0.1977
blackhole_var20_dec,5_features_timeseries_60_sec.csv,436,14,6,0.2148,4,14,0.4742,0.3333,0.0,0.1409
blackhole_var20_dec,6_features_timeseries_60_sec.csv,436,14,6,0.2158,4,14,0.3625,0.3333,0.0,0.0292
blackhole_var20_dec,7_features_timeseries_60_sec.csv,436,14,6,0.2131,4,14,0.3892,0.3333,0.0,0.0559
blackhole_var20_dec,8_features_timeseries_60_sec.csv,436,14,6,0.1938,4,14,1.0,1.0,1.0,0.0
blackhole_var20_dec,9_features_timeseries_60_sec.csv,436,14,6,0.2167,4,14,0.1053,0.3333,0.0,0.2281
blackhole_var20_oo,10_features_timeseries_60_sec.csv,305,14,6,0.2103,4,14,0.1375,0.3333,0.0,0.1958
blackhole_var20_oo,11_features_timeseries_60_sec.csv,305,14,6,0.2154,4,14,0.1687,0.3333,0.0,0.1647
blackhole_var20_oo,12_features_timeseries_60_sec.csv,305,14,6,0.2105,4,14,0.4692,0.3333,0.0,0.1359
blackhole_var20_oo,13_features_timeseries_60_sec.csv,305,14,6,0.1923,4,14,0.303,0.3333,0.0,0.0303
blackhole_var20_oo,14_features_timeseries_60_sec.csv,305,14,6,0.2214,4,14,0.1882,0.3333,0.0,0.1451
blackhole_var20_oo,15_features_timeseries_60_sec.csv,305,14,6,0.1917,4,14,0.1375,0.3333,0.0,0.1958
blackhole_var20_oo,16_features_timeseries_60_sec.csv,305,14,6,0.2294,4,14,1.0,0.3333,0.0,0.6667
blackhole_var20_oo,17_features_timeseries_60_sec.csv,305,14,6,0.2066,4,14,0.4926,0.3356,0.3235,0.1571
blackhole_var20_oo,18_features_timeseries_60_sec.csv,305,14,6,0.2092,4,14,1.0,0.7572,0.3551,0.2428
blackhole_var20_oo,19_features_timeseries_60_sec.csv,305,14,6,0.218,4,14,0.4889,0.3333,0.0,0.1556
blackhole_var20_oo,1_features_timeseries_60_sec.csv,305,14,6,0.2029,4,14,0.1375,0.3333,0.0,0.1958
blackhole_var20_oo,20_features_timeseries_60_sec.csv,305,14,6,0.2627,4,14,0.4889,0.5667,0.3168,0.0778
blackhole_var20_oo,2_features_timeseries_60_sec.csv,304,14,6,0.2154,4,14,0.2418,0.3333,0.0,0.0916
blackhole_var20_oo,3_features_timeseries_60_sec.csv,305,14,6,0.2114,4,14,1.0,0.3333,0.0,0.6667
blackhole_var20_oo,4_features_timeseries_60_sec.csv,305,14,6,0.2319,4,14,0.4733,0.3333,0.25,0.1399
blackhole_var20_oo,5_features_timeseries_60_sec.csv,305,14,6,0.1933,4,14,0.4926,0.3333,0.0,0.1593
blackhole_var20_oo,6_features_timeseries_60_sec.csv,305,14,6,0.2391,4,14,0.1375,0.3333,0.0,0.1958
blackhole_var20_oo,7_features_timeseries_60_sec.csv,305,14,6,0.2574,4,14,0.303,0.3333,0.0,0.0303
blackhole_var20_oo,8_features_timeseries_60_sec.csv,305,14,6,0.2069,4,14,1.0,0.7489,0.4052,0.2511
blackhole_var20_oo,9_features_timeseries_60_sec.csv,305,14,6,0.1725,4,14,0.31,0.3333,0.0,0.0233
blackhole_var5_base,10_features_timeseries_60_sec.csv,430,14,12,0.2583,4,14,1.0,1.0,1.0,0.0
blackhole_var5_base,11_features_timeseries_60_sec.csv,430,14,12,0.2364,4,14,1.0,1.0,1.0,0.0
blackhole_var5_base,12_features_timeseries_60_sec.csv,430,14,12,0.2833,4,14,0.3902,0.3333,0.0,0.0569
blackhole_var5_base,13_features_timeseries_60_sec.csv,430,14,12,0.2256,4,14,1.0,1.0,1.0,0.0
blackhole_var5_base,14_features_timeseries_60_sec.csv,430,14,12,0.2751,4,14,0.2248,0.3333,0.0099,0.1085
blackhole_var5_base,15_features_timeseries_60_sec.csv,430,14,12,0.2541,4,14,1.0,1.0,1.0,0.0
blackhole_var5_base,16_features_timeseries_60_sec.csv,430,14,12,0.2738,4,14,0.2806,0.3333,0.0,0.0528
blackhole_var5_base,17_features_timeseries_60_sec.csv,430,14,12,0.2197,4,14,1.0,1.0,1.0,0.0
blackhole_var5_base,18_features_timeseries_60_sec.csv,430,14,12,0.2572,4,14,1.0,1.0,1.0,0.0
blackhole_var5_base,19_features_timeseries_60_sec.csv,430,14,12,0.2429,4,14,0.4382,0.3333,0.0,0.1049
blackhole_var5_base,1_features_timeseries_60_sec.csv,430,14,12,0.3094,4,14,0.3711,0.3333,0.0,0.0377
blackhole_var5_base,20_features_timeseries_60_sec.csv,430,14,12,0.2576,4,14,0.187,0.3451,0.0,0.1581
blackhole_var5_base,2_features_timeseries_60_sec.csv,430,14,12,0.255,4,14,0.2308,0.3333,0.0,0.1026
blackhole_var5_base,3_features_timeseries_60_sec.csv,430,14,12,0.2408,4,14,1.0,1.0,1.0,0.0
blackhole_var5_base,4_features_timeseries_60_sec.csv,430,14,13,0.2363,4,14,1.0,0.996,1.0,0.004
blackhole_var5_base,5_features_timeseries_60_sec.csv,430,14,13,0.2634,4,14,1.0,0.988,1.0,0.012
blackhole_var5_base,6_features_timeseries_60_sec.csv,430,14,12,0.2019,4,14,1.0,0.981,1.0,0.019
blackhole_var5_base,7_features_timeseries_60_sec.csv,430,14,12,0.3008,4,14,0.422,0.3333,0.0,0.0886
blackhole_var5_base,8_features_timeseries_60_sec.csv,430,14,12,0.2985,4,14,0.3421,0.3333,0.0,0.0088
blackhole_var5_base,9_features_timeseries_60_sec.csv,430,14,12,0.2805,4,14,0.4253,0.3333,0.0,0.092
blackhole_var5_dec,10_features_timeseries_60_sec.csv,436,14,12,0.2768,4,14,0.3462,0.3333,0.0,0.0128
blackhole_var5_dec,11_features_timeseries_60_sec.csv,435,14,12,0.2194,4,14,1.0,1.0,1.0,0.0
blackhole_var5_dec,12_features_timeseries_60_sec.csv,435,14,12,0.2945,4,14,0.1905,0.3333,0.0,0.1429
blackhole_var5_dec,13_features_timeseries_60_sec.csv,436,14,12,0.2683,4,14,0.3665,0.3333,0.0,0.0331
blackhole_var5_dec,14_features_timeseries_60_sec.csv,436,14,12,0.2755,4,14,0.25,0.3333,0.0097,0.0833
blackhole_var5_dec,15_features_timeseries_60_sec.csv,435,14,12,0.2633,4,14,0.4574,0.3333,0.0,0.1241
blackhole_var5_dec,16_features_timeseries_60_sec.csv,435,14,12,0.2224,4,14,1.0,1.0,1.0,0.0
blackhole_var5_dec,17_features_timeseries_60_sec.csv,435,14,12,0.2409,4,14,1.0,1.0,1.0,0.0
blackhole_var5_dec,18_features_timeseries_60_sec.csv,436,14,12,0.2308,4,14,1.0,1.0,1.0,0.0
blackhole_var5_dec,19_features_timeseries_60_sec.csv,436,14,12,0.2582,4,14,0.3742,0.3333,0.0,0.0409
blackhole_var5_dec,1_features_timeseries_60_sec.csv,435,14,13,0.2248,4,14,1.0,0.999,1.0,0.001
blackhole_var5_dec,20_features_timeseries_60_sec.csv,436,14,12,0.2536,4,14,0.2031,0.3639,0.0097,0.1607
blackhole_var5_dec,2_features_timeseries_60_sec.csv,436,14,12,0.2858,4,14,0.15,0.3333,0.0,0.1833
blackhole_var5_dec,3_features_timeseries_60_sec.csv,436,14,12,0.2684,4,14,0.3544,0.3333,0.0,0.0211
blackhole_var5_dec,4_features_timeseries_60_sec.csv,436,14,12,0.2396,4,14,1.0,1.0,1.0,0.0
blackhole_var5_dec,5_features_timeseries_60_sec.csv,436,14,13,0.2569,4,14,1.0,0.998,1.0,0.002
blackhole_var5_dec,6_features_timeseries_60_sec.csv,435,14,12,0.1994,4,14,1.0,0.988,1.0,0.012
blackhole_var5_dec,7_features_timeseries_60_sec.csv,436,14,12,0.2784,4,14,0.3964,0.3333,0.0,0.0631
blackhole_var5_dec,8_features_timeseries_60_sec.csv,435,14,12,0.2858,4,14,0.3964,0.3333,0.0,0.0631
blackhole_var5_dec,9_features_timeseries_60_sec.csv,435,14,12,0.2754,4,14,0.4603,0.3333,0.0,0.127
blackhole_var5_oo,10_features_timeseries_60_sec.csv,305,14,12,0.2763,4,14,0.4812,0.3333,0.0,0.1479
blackhole_var5_oo,11_features_timeseries_60_sec.csv,305,14,12,0.2738,4,14,0.2418,0.3333,0.0,0.0916
blackhole_var5_oo,12_features_timeseries_60_sec.csv,305,14,12,0.3136,4,14,1.0,0.9378,0.4,0.0622
blackhole_var5_oo,13_features_timeseries_60_sec.csv,304,14,12,0.2646,4,14,0.303,0.3333,0.0,0.0303
blackhole_var5_oo,14_features_timeseries_60_sec.csv,305,14,12,0.2745,4,14,1.0,0.7012,0.4103,0.2988
blackhole_var5_oo,15_features_timeseries_60_sec.csv,305,14,12,0.276,4,14,0.2069,0.3333,0.0,0.1264
blackhole_var5_oo,16_features_timeseries_60_sec.csv,305,14,12,0.26,4,14,0.2812,0.3333,0.0,0.0521
blackhole_var5_oo,17_features_timeseries_60_sec.csv,305,14,12,0.2475,4,14,0.2887,0.3333,0.0,0.0447
blackhole_var5_oo,18_features_timeseries_60_sec.csv,305,14,12,0.286,4,14,0.2069,0.3333,0.0,0.1264
blackhole_var5_oo,19_features_timeseries_60_sec.csv,304,14,12,0.2635,4,14,1.0,0.6098,0.3429,0.3902
blackhole_var5_oo,1_features_timeseries_60_sec.csv,305,14,12,0.3113,4,14,0.2581,0.3333,0.0,0.0753
blackhole_var5_oo,20_features_timeseries_60_sec.csv,305,14,12,0.3289,4,14,0.4524,0.3333,0.0,0.119
blackhole_var5_oo,2_features_timeseries_60_sec.csv,305,14,12,0.3109,4,14,0.2069,0.3333,0.0,0.1264
blackhole_var5_oo,3_features_timeseries_60_sec.csv,305,14,12,0.2971,4,14,1.0,0.3927,0.1786,0.6073
blackhole_var5_oo,4_features_timeseries_60_sec.csv,305,14,12,0.2919,4,14,0.1882,0.3333,0.0,0.1451
blackhole_var5_oo,5_features_timeseries_60_sec.csv,305,14,12,0.2717,4,14,0.31,0.3333,0.0,0.0233
blackhole_var5_oo,6_features_timeseries_60_sec.csv,306,14,12,0.235,4,14,0.4964,0.3333,0.1154,0.163
blackhole_var5_oo,7_features_timeseries_60_sec.csv,304,14,12,0.3132,4,14,0.1882,0.3333,0.0,0.1451
blackhole_var5_oo,8_features_timeseries_60_sec.csv,305,14,12,0.3258,4,14,1.0,0.8173,0.439,0.1827
blackhole_var5_oo,9_features_timeseries_60_sec.csv,305,14,12,0.3014,4,14,0.266,0.3333,0.0,0.0674
disflooding_var10_base,10_features_timeseries_60_sec.csv,682,14,6,0.2527,0,14,1.0,0.9629,1.0,0.0371
disflooding_var10_base,11_features_timeseries_60_sec.csv,682,14,6,0.2439,0,14,1.0,0.968,1.0,0.032
disflooding_var10_base,12_features_timeseries_60_sec.csv,682,14,6,0.2035,0,14,1.0,0.978,1.0,0.022
disflooding_var10_base,13_features_timeseries_60_sec.csv,682,14,6,0.2117,0,14,1.0,0.983,1.0,0.017
disflooding_var10_base,14_features_timeseries_60_sec.csv,682,14,6,0.2401,0,14,1.0,0.979,1.0,0.021
disflooding_var10_base,15_features_timeseries_60_sec.csv,682,14,6,0.1999,0,14,1.0,0.968,1.0,0.032
disflooding_var10_base,16_features_timeseries_60_sec.csv,682,14,6,0.2778,0,14,1.0,0.975,1.0,0.025
disflooding_var10_base,17_features_timeseries_60_sec.csv,682,14,6,0.2009,0,14,1.0,0.986,1.0,0.014
disflooding_var10_base,18_features_timeseries_60_sec.csv,682,14,6,0.2263,0,14,1.0,0.9569,1.0,0.0431
disflooding_var10_base,19_features_timeseries_60_sec.csv,682,14,6,0.2221,0,14,1.0,0.975,1.0,0.025
disflooding_var10_base,1_features_timeseries_60_sec.csv,682,14,6,0.2053,0,14,1.0,0.977,1.0,0.023
disflooding_var10_base,20_features_timeseries_60_sec.csv,682,14,6,0.2346,0,14,1.0,0.973,1.0,0.027
disflooding_var10_base,2_features_timeseries_60_sec.csv,682,14,6,0.212,0,14,1.0,0.987,1.0,0.013
disflooding_var10_base,3_features_timeseries_60_sec.csv,682,14,6,0.1978,0,14,1.0,0.979,1.0,0.021
disflooding_var10_base,4_features_timeseries_60_sec.csv,682,14,6,0.2632,0,14,1.0,0.985,1.0,0.015
disflooding_var10_base,5_features_timeseries_60_sec.csv,682,14,6,0.2638,0,14,1.0,0.964,1.0,0.036
disflooding_var10_base,6_features_timeseries_60_sec.csv,682,14,6,0.2082,0,14,1.0,0.971,1.0,0.029
disflooding_var10_base,7_features_timeseries_60_sec.csv,682,14,6,0.2331,0,14,1.0,0.967,1.0,0.033
disflooding_var10_base,8_features_timeseries_60_sec.csv,682,14,6,0.2119,0,14,1.0,0.987,1.0,0.013
disflooding_var10_base,9_features_timeseries_60_sec.csv,682,14,6,0.2285,0,14,1.0,0.967,1.0,0.033
disflooding_var10_dec,10_features_timeseries_60_sec.csv,678,14,6,0.2582,0,14,1.0,0.968,1.0,0.032
disflooding_var10_dec,11_features_timeseries_60_sec.csv,678,14,6,0.2151,0,14,1.0,0.979,1.0,0.021
disflooding_var10_dec,12_features_timeseries_60_sec.csv,678,14,6,0.2834,0,14,1.0,0.9428,1.0,0.0572
disflooding_var10_dec,13_features_timeseries_60_sec.csv,678,14,6,0.2409,0,14,1.0,0.9337,1.0,0.0663
disflooding_var10_dec,14_features_timeseries_60_sec.csv,678,14,6,0.2978,0,14,1.0,0.975,1.0,0.025
disflooding_var10_dec,15_features_timeseries_60_sec.csv,678,14,6,0.2567,0,14,1.0,0.9134,1.0,0.0866
disflooding_var10_dec,16_features_timeseries_60_sec.csv,678,14,6,0.2357,0,14,1.0,0.965,1.0,0.035
disflooding_var10_dec,17_features_timeseries_60_sec.csv,678,14,6,0.2682,0,14,1.0,0.9569,1.0,0.0431
disflooding_var10_dec,18_features_timeseries_60_sec.csv,678,14,6,0.2998,0,14,1.0,0.9559,1.0,0.0441
disflooding_var10_dec,19_features_timeseries_60_sec.csv,678,14,6,0.2329,0,14,1.0,0.965,1.0,0.035
disflooding_var10_dec,1_features_timeseries_60_sec.csv,678,14,6,0.234,0,14,1.0,0.9599,1.0,0.0401
disflooding_var10_dec,20_features_timeseries_60_sec.csv,678,14,6,0.2433,0,14,1.0,0.989,1.0,0.011
disflooding_var10_dec,2_features_timeseries_60_sec.csv,678,14,6,0.3294,0,14,1.0,0.9529,1.0,0.0471
disflooding_var10_dec,3_features_timeseries_60_sec.csv,678,14,6,0.2388,0,14,1.0,0.9428,1.0,0.0572
disflooding_var10_dec,4_features_timeseries_60_sec.csv,678,14,6,0.2728,0,14,1.0,0.985,1.0,0.015
disflooding_var10_dec,5_features_timeseries_60_sec.csv,678,14,6,0.2422,0,14,1.0,0.9559,1.0,0.0441
disflooding_var10_dec,6_features_timeseries_60_sec.csv,678,14,6,0.2184,0,14,1.0,0.9629,1.0,0.0371
disflooding_var10_dec,7_features_timeseries_60_sec.csv,678,14,6,0.2073,0,14,1.0,0.968,1.0,0.032
disflooding_var10_dec,8_features_timeseries_60_sec.csv,678,14,6,0.2733,0,14,1.0,0.9619,1.0,0.0381
disflooding_var10_dec,9_features_timeseries_60_sec.csv,678,14,6,0.2714,0,14,1.0,0.98,1.0,0.02
disflooding_var10_oo,10_features_timeseries_60_sec.csv,684,14,6,0.2167,0,14,1.0,0.992,1.0,0.008
disflooding_var10_oo,11_features_timeseries_60_sec.csv,684,14,6,0.2703,0,14,1.0,0.993,1.0,0.007
disflooding_var10_oo,12_features_timeseries_60_sec.csv,684,14,6,0.2412,0,14,1.0,0.996,1.0,0.004
disflooding_var10_oo,13_features_timeseries_60_sec.csv,684,14,6,0.288,0,14,1.0,0.986,1.0,0.014
disflooding_var10_oo,14_features_timeseries_60_sec.csv,684,14,6,0.2115,0,14,1.0,0.98,1.0,0.02
disflooding_var10_oo,15_features_timeseries_60_sec.csv,684,14,6,0.2656,0,14,1.0,0.981,1.0,0.019
disflooding_var10_oo,16_features_timeseries_60_sec.csv,684,14,6,0.2816,0,14,1.0,0.991,1.0,0.009
disflooding_var10_oo,17_features_timeseries_60_sec.csv,684,14,6,0.1938,0,14,1.0,0.989,1.0,0.011
disflooding_var10_oo,18_features_timeseries_60_sec.csv,684,14,6,0.2657,0,14,1.0,0.994,1.0,0.006
disflooding_var10_oo,19_features_timeseries_60_sec.csv,684,14,6,0.2389,0,14,1.0,0.975,1.0,0.025
disflooding_var10_oo,1_features_timeseries_60_sec.csv,684,14,6,0.2513,0,14,1.0,0.9509,1.0,0.0491
disflooding_var10_oo,20_features_timeseries_60_sec.csv,684,14,6,0.2172,0,14,1.0,0.984,1.0,0.016
disflooding_var10_oo,21_features_timeseries_60_sec.csv,684,14,6,0.2526,0,14,1.0,0.991,1.0,0.009
disflooding_var10_oo,2_features_timeseries_60_sec.csv,684,14,6,0.2051,0,14,1.0,0.989,1.0,0.011
disflooding_var10_oo,3_features_timeseries_60_sec.csv,684,14,6,0.1965,0,14,1.0,0.984,1.0,0.016
disflooding_var10_oo,4_features_timeseries_60_sec.csv,684,14,6,0.2591,0,14,1.0,0.987,1.0,0.013
disflooding_var10_oo,5_features_timeseries_60_sec.csv,684,14,6,0.2021,0,14,1.0,0.991,1.0,0.009
disflooding_var10_oo,6_features_timeseries_60_sec.csv,684,14,6,0.2982,0,14,1.0,0.987,1.0,0.013
disflooding_var10_oo,7_features_timeseries_60_sec.csv,684,14,6,0.228,0,14,1.0,0.986,1.0,0.014
disflooding_var10_oo,8_features_timeseries_60_sec.csv,684,14,6,0.2121,0,14,1.0,0.986,1.0,0.014
disflooding_var10_oo,9_features_timeseries_60_sec.csv,684,14,6,0.2095,0,14,1.0,0.995,1.0,0.005
disflooding_var15_base,10_features_timeseries_60_sec.csv,682,14,6,0.2251,0,14,1.0,0.972,1.0,0.028
disflooding_var15_base,11_features_timeseries_60_sec.csv,682,14,6,0.2289,0,14,1.0,0.97,1.0,0.03
disflooding_var15_base,12_features_timeseries_60_sec.csv,682,14,6,0.2966,0,14,1.0,0.984,1.0,0.016
disflooding_var15_base,13_features_timeseries_60_sec.csv,682,14,6,0.1952,0,14,1.0,0.978,1.0,0.022
disflooding_var15_base,14_features_timeseries_60_sec.csv,682,14,6,0.1856,0,14,1.0,0.9569,1.0,0.0431
disflooding_var15_base,15_features_timeseries_60_sec.csv,682,14,6,0.2546,0,14,1.0,0.968,1.0,0.032
disflooding_var15_base,16_features_timeseries_60_sec.csv,682,14,6,0.2098,0,14,1.0,0.994,1.0,0.006
disflooding_var15_base,17_features_timeseries_60_sec.csv,682,14,6,0.2081,0,14,1.0,0.977,1.0,0.023
disflooding_var15_base,18_features_timeseries_60_sec.csv,682,14,6,0.171,0,14,1.0,0.9519,1.0,0.0481
disflooding_var15_base,19_features_timeseries_60_sec.csv,682,14,6,0.2608,0,14,1.0,0.968,1.0,0.032
disflooding_var15_base,1_features_timeseries_60_sec.csv,682,14,6,0.2482,0,14,1.0,0.976,1.0,0.024
disflooding_var15_base,2_features_timeseries_60_sec.csv,682,14,6,0.2179,0,14,1.0,0.966,1.0,0.034
disflooding_var15_base,3_features_timeseries_60_sec.csv,682,14,6,0.1811,0,14,1.0,0.973,1.0,0.027
disflooding_var15_base,4_features_timeseries_60_sec.csv,682,14,6,0.2458,0,14,1.0,0.98,1.0,0.02
disflooding_var15_base,5_features_timeseries_60_sec.csv,682,14,6,0.1982,0,14,1.0,0.982,1.0,0.018
disflooding_var15_base,6_features_timeseries_60_sec.csv,682,14,6,0.2053,0,14,1.0,0.981,1.0,0.019
disflooding_var15_base,7_features_timeseries_60_sec.csv,682,14,6,0.2006,0,14,1.0,0.972,1.0,0.028
disflooding_var15_base,8_features_timeseries_60_sec.csv,682,14,6,0.2463,0,14,1.0,0.979,1.0,0.021
disflooding_var15_base,9_features_timeseries_60_sec.csv,682,14,6,0.2365,0,14,1.0,0.987,1.0,0.013
disflooding_var15_dec,10_features_timeseries_60_sec.csv,678,14,6,0.2217,0,14,1.0,0.968,1.0,0.032
disflooding_var15_dec,11_features_timeseries_60_sec.csv,678,14,6,0.2618,0,14,1.0,0.9378,1.0,0.0622
disflooding_var15_dec,12_features_timeseries_60_sec.csv,678,14,6,0.2242,0,14,1.0,0.9579,1.0,0.0421
disflooding_var15_dec,13_features_timeseries_60_sec.csv,678,14,6,0.2246,0,14,1.0,0.9489,1.0,0.0511
disflooding_var15_dec,14_features_timeseries_60_sec.csv,678,14,6,0.2796,0,14,1.0,0.982,1.0,0.018
disflooding_var15_dec,15_features_timeseries_60_sec.csv,678,14,6,0.2514,0,14,1.0,0.975,1.0,0.025
disflooding_var15_dec,16_features_timeseries_60_sec.csv,678,14,6,0.294,0,14,1.0,0.9579,1.0,0.0421
disflooding_var15_dec,17_features_timeseries_60_sec.csv,678,14,6,0.2152,0,14,1.0,0.9337,1.0,0.0663
disflooding_var15_dec,18_features_timeseries_60_sec.csv,678,14,6,0.2231,0,14,1.0,0.9619,1.0,0.0381
disflooding_var15_dec,19_features_timeseries_60_sec.csv,678,14,6,0.2239,0,14,1.0,0.9599,1.0,0.0401
disflooding_var15_dec,1_features_timeseries_60_sec.csv,678,14,6,0.2366,0,14,1.0,0.9529,1.0,0.0471
disflooding_var15_dec,20_features_timeseries_60_sec.csv,678,14,6,0.2523,0,14,1.0,0.9357,1.0,0.0643
disflooding_var15_dec,2_features_timeseries_60_sec.csv,678,14,6,0.2087,0,14,1.0,0.9469,1.0,0.0531
disflooding_var15_dec,3_features_timeseries_60_sec.csv,678,14,6,0.1969,0,14,1.0,0.972,1.0,0.028
disflooding_var15_dec,4_features_timeseries_60_sec.csv,678,14,6,0.2568,0,14,1.0,0.9619,1.0,0.0381
disflooding_var15_dec,5_features_timeseries_60_sec.csv,678,14,6,0.2434,0,14,1.0,0.9499,1.0,0.0501
disflooding_var15_dec,6_features_timeseries_60_sec.csv,678,14,6,0.2765,0,14,1.0,0.967,1.0,0.033
disflooding_var15_dec,7_features_timeseries_60_sec.csv,678,14,6,0.2349,0,14,1.0,0.9629,1.0,0.0371
disflooding_var15_dec,8_features_timeseries_60_sec.csv,678,14,6,0.2897,0,14,1.0,0.97,1.0,0.03
disflooding_var15_dec,9_features_timeseries_60_sec.csv,678,14,6,0.2588,0,14,1.0,0.9428,1.0,0.0572
disflooding_var15_oo,10_features_timeseries_60_sec.csv,684,14,6,0.2216,0,14,1.0,0.993,1.0,0.007
disflooding_var15_oo,11_features_timeseries_60_sec.csv,684,14,6,0.2173,0,14,1.0,0.987,1.0,0.013
disflooding_var15_oo,12_features_timeseries_60_sec.csv,684,14,6,0.226,0,14,1.0,0.993,1.0,0.007
disflooding_var15_oo,13_features_timeseries_60_sec.csv,684,14,6,0.2847,0,14,1.0,0.994,1.0,0.006
disflooding_var15_oo,14_features_timeseries_60_sec.csv,684,14,6,0.2262,0,14,1.0,0.983,1.0,0.017
disflooding_var15_oo,15_features_timeseries_60_sec.csv,684,14,6,0.2334,0,14,1.0,0.991,1.0,0.009
disflooding_var15_oo,16_features_timeseries_60_sec.csv,684,14,6,0.2375,0,14,1.0,0.991,1.0,0.009
disflooding_var15_oo,17_features_timeseries_60_sec.csv,684,14,6,0.2475,0,14,1.0,0.986,1.0,0.014
disflooding_var15_oo,18_features_timeseries_60_sec.csv,684,14,6,0.2957,0,14,1.0,0.975,1.0,0.025
disflooding_var15_oo,19_features_timeseries_60_sec.csv,684,14,6,0.208,0,14,1.0,0.996,1.0,0.004
disflooding_var15_oo,1_features_timeseries_60_sec.csv,684,14,6,0.1879,0,14,1.0,0.967,1.0,0.033
disflooding_var15_oo,20_features_timeseries_60_sec.csv,684,14,6,0.2965,0,14,1.0,0.98,1.0,0.02
disflooding_var15_oo,2_features_timeseries_60_sec.csv,684,14,6,0.226,0,14,1.0,0.985,1.0,0.015
disflooding_var15_oo,3_features_timeseries_60_sec.csv,684,14,6,0.2569,0,14,1.0,0.987,1.0,0.013
disflooding_var15_oo,4_features_timeseries_60_sec.csv,684,14,6,0.2382,0,14,1.0,0.992,1.0,0.008
disflooding_var15_oo,5_features_timeseries_60_sec.csv,684,14,6,0.1784,0,14,1.0,0.979,1.0,0.021
disflooding_var15_oo,6_features_timeseries_60_sec.csv,684,14,6,0.2764,0,14,1.0,0.981,1.0,0.019
disflooding_var15_oo,7_features_timeseries_60_sec.csv,684,14,6,0.2536,0,14,1.0,0.983,1.0,0.017
disflooding_var15_oo,8_features_timeseries_60_sec.csv,684,14,6,0.2392,0,14,1.0,0.976,1.0,0.024
disflooding_var15_oo,9_features_timeseries_60_sec.csv,684,14,6,0.233,0,14,1.0,0.976,1.0,0.024
disflooding_var20_base,10_features_timeseries_60_sec.csv,682,14,6,0.2462,0,14,1.0,0.974,1.0,0.026
disflooding_var20_base,11_features_timeseries_60_sec.csv,682,14,6,0.1932,0,14,1.0,0.969,1.0,0.031
disflooding_var20_base,12_features_timeseries_60_sec.csv,682,14,6,0.2013,0,14,1.0,0.982,1.0,0.018
disflooding_var20_base,13_features_timeseries_60_sec.csv,682,14,6,0.2139,0,14,1.0,0.973,1.0,0.027
disflooding_var20_base,14_features_timeseries_60_sec.csv,682,14,6,0.1979,0,14,1.0,0.9458,1.0,0.0542
disflooding_var20_base,15_features_timeseries_60_sec.csv,682,14,6,0.2352,0,14,1.0,0.978,1.0,0.022
disflooding_var20_base,16_features_timeseries_60_sec.csv,682,14,6,0.2327,0,14,1.0,0.9357,1.0,0.0643
disflooding_var20_base,17_features_timeseries_60_sec.csv,682,14,6,0.213,0,14,1.0,0.978,1.0,0.022
disflooding_var20_base,18_features_timeseries_60_sec.csv,682,14,6,0.201,0,14,1.0,0.99,1.0,0.01
disflooding_var20_base,19_features_timeseries_60_sec.csv,682,14,6,0.2628,0,14,1.0,0.978,1.0,0.022
disflooding_var20_base,1_features_timeseries_60_sec.csv,682,14,6,0.2113,0,14,1.0,0.974,1.0,0.026
disflooding_var20_base,20_features_timeseries_60_sec.csv,682,14,6,0.2364,0,14,1.0,0.9357,1.0,0.0643
disflooding_var20_base,2_features_timeseries_60_sec.csv,682,14,6,0.1866,0,14,1.0,0.978,1.0,0.022
disflooding_var20_base,3_features_timeseries_60_sec.csv,682,14,6,0.2126,0,14,1.0,0.9569,1.0,0.0431
disflooding_var20_base,4_features_timeseries_60_sec.csv,682,14,6,0.181,0,14,1.0,0.978,1.0,0.022
disflooding_var20_base,5_features_timeseries_60_sec.csv,682,14,6,0.2248,0,14,1.0,0.971,1.0,0.029
disflooding_var20_base,6_features_timeseries_60_sec.csv,682,14,6,0.2191,0,14,1.0,0.9599,1.0,0.0401
disflooding_var20_base,7_features_timeseries_60_sec.csv,682,14,6,0.2367,0,14,1.0,0.9458,1.0,0.0542
disflooding_var20_base,8_features_timeseries_60_sec.csv,682,14,6,0.1673,0,14,1.0,0.969,1.0,0.031
disflooding_var20_base,9_features_timeseries_60_sec.csv,682,14,6,0.2414,0,14,1.0,0.97,1.0,0.03
disflooding_var20_dec,10_features_timeseries_60_sec.csv,678,14,6,0.2747,0,14,1.0,0.9307,1.0,0.0693
disflooding_var20_dec,11_features_timeseries_60_sec.csv,678,14,6,0.2002,0,14,1.0,0.978,1.0,0.022
disflooding_var20_dec,12_features_timeseries_60_sec.csv,678,14,6,0.2352,0,14,1.0,0.964,1.0,0.036
disflooding_var20_dec,13_features_timeseries_60_sec.csv,678,14,6,0.2175,0,14,1.0,0.9448,1.0,0.0552
disflooding_var20_dec,14_features_timeseries_60_sec.csv,678,14,6,0.2387,0,14,1.0,0.9479,1.0,0.0521
disflooding_var20_dec,15_features_timeseries_60_sec.csv,678,14,6,0.2498,0,14,1.0,0.9276,1.0,0.0724
disflooding_var20_dec,16_features_timeseries_60_sec.csv,678,14,6,0.1928,0,14,1.0,0.979,1.0,0.021
disflooding_var20_dec,17_features_timeseries_60_sec.csv,678,14,6,0.2253,0,14,1.0,0.967,1.0,0.033
disflooding_var20_dec,18_features_timeseries_60_sec.csv,678,14,6,0.2472,0,14,1.0,0.9489,1.0,0.0511
disflooding_var20_dec,19_features_timeseries_60_sec.csv,678,14,6,0.2526,0,14,1.0,0.9408,1.0,0.0592
disflooding_var20_dec,1_features_timeseries_60_sec.csv,678,14,6,0.3199,0,14,1.0,0.9579,1.0,0.0421
disflooding_var20_dec,20_features_timeseries_60_sec.csv,678,14,6,0.2203,0,14,1.0,0.966,1.0,0.034
disflooding_var20_dec,2_features_timeseries_60_sec.csv,678,14,6,0.2369,0,14,1.0,0.9185,1.0,0.0815
disflooding_var20_dec,3_features_timeseries_60_sec.csv,678,14,6,0.2919,0,14,1.0,0.974,1.0,0.026
disflooding_var20_dec,4_features_timeseries_60_sec.csv,678,14,6,0.2074,0,14,1.0,0.965,1.0,0.035
disflooding_var20_dec,5_features_timeseries_60_sec.csv,678,14,6,0.1856,0,14,1.0,0.9619,1.0,0.0381
disflooding_var20_dec,6_features_timeseries_60_sec.csv,678,14,6,0.234,0,14,1.0,0.9448,1.0,0.0552
disflooding_var20_dec,7_features_timeseries_60_sec.csv,678,14,6,0.2614,0,14,1.0,0.9317,1.0,0.0683
disflooding_var20_dec,8_features_timeseries_60_sec.csv,678,14,6,0.2134,0,14,1.0,0.9509,1.0,0.0491
disflooding_var20_dec,9_features_timeseries_60_sec.csv,678,14,6,0.3131,0,14,1.0,0.9519,1.0,0.0481
disflooding_var20_oo,10_features_timeseries_60_sec.csv,684,14,6,0.2137,0,14,1.0,0.983,1.0,0.017
disflooding_var20_oo,11_features_timeseries_60_sec.csv,684,14,6,0.1874,0,14,1.0,0.992,1.0,0.008
disflooding_var20_oo,12_features_timeseries_60_sec.csv,684,14,6,0.1844,0,14,1.0,0.989,1.0,0.011
disflooding_var20_oo,13_features_timeseries_60_sec.csv,684,14,6,0.2125,0,14,1.0,0.99,1.0,0.01
disflooding_var20_oo,14_features_timeseries_60_sec.csv,684,14,6,0.2423,0,14,1.0,0.986,1.0,0.014
disflooding_var20_oo,15_features_timeseries_60_sec.csv,684,14,6,0.1744,0,14,1.0,0.985,1.0,0.015
disflooding_var20_oo,16_features_timeseries_60_sec.csv,684,14,6,0.2453,0,14,1.0,0.989,1.0,0.011
disflooding_var20_oo,17_features_timeseries_60_sec.csv,684,14,6,0.2275,0,14,1.0,0.996,1.0,0.004
disflooding_var20_oo,18_features_timeseries_60_sec.csv,684,14,6,0.2384,0,14,1.0,0.99,1.0,0.01
disflooding_var20_oo,19_features_timeseries_60_sec.csv,684,14,6,0.2353,0,14,1.0,0.991,1.0,0.009
disflooding_var20_oo,1_features_timeseries_60_sec.csv,684,14,6,0.247,0,14,1.0,0.984,1.0,0.016
disflooding_var20_oo,20_features_timeseries_60_sec.csv,684,14,6,0.1643,0,14,1.0,0.989,1.0,0.011
disflooding_var20_oo,2_features_timeseries_60_sec.csv,684,14,6,0.2017,0,14,1.0,0.9609,1.0,0.0391
disflooding_var20_oo,3_features_timeseries_60_sec.csv,684,14,6,0.2276,0,14,1.0,0.991,1.0,0.009
disflooding_var20_oo,4_features_timeseries_60_sec.csv,684,14,6,0.1943,0,14,1.0,0.979,1.0,0.021
disflooding_var20_oo,5_features_timeseries_60_sec.csv,684,14,6,0.198,0,14,1.0,0.986,1.0,0.014
disflooding_var20_oo,6_features_timeseries_60_sec.csv,684,14,6,0.2357,0,14,1.0,0.987,1.0,0.013
disflooding_var20_oo,7_features_timeseries_60_sec.csv,684,14,6,0.2426,0,14,1.0,0.991,1.0,0.009
disflooding_var20_oo,8_features_timeseries_60_sec.csv,684,14,6,0.2193,0,14,1.0,0.992,1.0,0.008
disflooding_var20_oo,9_features_timeseries_60_sec.csv,684,14,6,0.2272,0,14,1.0,0.983,1.0,0.017
disflooding_var5_base,10_features_timeseries_60_sec.csv,682,14,6,0.225,0,14,1.0,0.967,1.0,0.033
disflooding_var5_base,11_features_timeseries_60_sec.csv,682,14,6,0.2511,0,14,1.0,0.967,1.0,0.033
disflooding_var5_base,12_features_timeseries_60_sec.csv,682,14,6,0.2913,0,14,1.0,0.977,1.0,0.023
disflooding_var5_base,13_features_timeseries_60_sec.csv,682,14,6,0.2935,0,14,1.0,0.9609,1.0,0.0391
disflooding_var5_base,14_features_timeseries_60_sec.csv,682,14,6,0.2769,0,14,1.0,0.975,1.0,0.025
disflooding_var5_base,15_features_timeseries_60_sec.csv,682,14,6,0.3047,0,14,1.0,0.977,1.0,0.023
disflooding_var5_base,16_features_timeseries_60_sec.csv,682,14,6,0.2792,0,14,1.0,0.967,1.0,0.033
disflooding_var5_base,17_features_timeseries_60_sec.csv,682,14,6,0.2863,0,14,1.0,0.974,1.0,0.026
disflooding_var5_base,18_features_timeseries_60_sec.csv,682,14,6,0.3033,0,14,1.0,0.973,1.0,0.027
disflooding_var5_base,19_features_timeseries_60_sec.csv,682,14,6,0.27,0,14,1.0,0.974,1.0,0.026
disflooding_var5_base,1_features_timeseries_60_sec.csv,682,14,6,0.2881,0,14,1.0,0.969,1.0,0.031
disflooding_var5_base,20_features_timeseries_60_sec.csv,682,14,6,0.3327,0,14,1.0,0.9458,1.0,0.0542
disflooding_var5_base,2_features_timeseries_60_sec.csv,682,14,6,0.3103,0,14,1.0,0.9549,1.0,0.0451
disflooding_var5_base,3_features_timeseries_60_sec.csv,682,14,6,0.2837,0,14,1.0,0.966,1.0,0.034
disflooding_var5_base,4_features_timeseries_60_sec.csv,682,14,6,0.2386,0,14,1.0,0.9499,1.0,0.0501
disflooding_var5_base,5_features_timeseries_60_sec.csv,682,14,6,0.2444,0,14,1.0,0.9448,1.0,0.0552
disflooding_var5_base,6_features_timeseries_60_sec.csv,682,14,6,0.2821,0,14,1.0,0.978,1.0,0.022
disflooding_var5_base,7_features_timeseries_60_sec.csv,682,14,6,0.2806,0,14,1.0,0.978,1.0,0.022
disflooding_var5_base,8_features_timeseries_60_sec.csv,682,14,6,0.2729,0,14,1.0,0.99,1.0,0.01
disflooding_var5_base,9_features_timeseries_60_sec.csv,682,14,6,0.2829,0,14,1.0,0.9509,1.0,0.0491
disflooding_var5_dec,10_features_timeseries_60_sec.csv,678,14,6,0.3378,0,14,1.0,0.9589,1.0,0.0411
disflooding_var5_dec,11_features_timeseries_60_sec.csv,678,14,6,0.3518,0,14,1.0,0.968,1.0,0.032
disflooding_var5_dec,12_features_timeseries_60_sec.csv,678,14,6,0.3099,0,14,1.0,0.966,1.0,0.034
disflooding_var5_dec,13_features_timeseries_60_sec.csv,678,14,6,0.3483,0,14,1.0,0.9619,1.0,0.0381
disflooding_var5_dec,14_features_timeseries_60_sec.csv,678,14,6,0.3031,0,14,1.0,0.9499,1.0,0.0501
disflooding_var5_dec,15_features_timeseries_60_sec.csv,678,14,6,0.2787,0,14,1.0,0.971,1.0,0.029
disflooding_var5_dec,16_features_timeseries_60_sec.csv,678,14,6,0.2586,0,14,1.0,0.9317,1.0,0.0683
disflooding_var5_dec,17_features_timeseries_60_sec.csv,678,14,12,0.2787,0,14,1.0,0.9428,1.0,0.0572
disflooding_var5_dec,18_features_timeseries_60_sec.csv,678,14,6,0.2849,0,14,1.0,0.9609,1.0,0.0391
disflooding_var5_dec,19_features_timeseries_60_sec.csv,678,14,6,0.2704,0,14,1.0,0.9579,1.0,0.0421
disflooding_var5_dec,1_features_timeseries_60_sec.csv,678,14,6,0.318,0,14,1.0,0.9276,1.0,0.0724
disflooding_var5_dec,20_features_timeseries_60_sec.csv,678,14,6,0.3112,0,14,1.0,0.9479,1.0,0.0521
disflooding_var5_dec,2_features_timeseries_60_sec.csv,678,14,6,0.2761,0,14,1.0,0.9469,1.0,0.0531
disflooding_var5_dec,3_features_timeseries_60_sec.csv,678,14,6,0.2883,0,14,1.0,0.975,1.0,0.025
disflooding_var5_dec,4_features_timeseries_60_sec.csv,678,14,6,0.265,0,14,1.0,0.9559,1.0,0.0441
disflooding_var5_dec,5_features_timeseries_60_sec.csv,678,14,6,0.3322,0,14,1.0,0.9367,1.0,0.0633
disflooding_var5_dec,6_features_timeseries_60_sec.csv,678,14,6,0.2977,0,14,1.0,0.9327,1.0,0.0673
disflooding_var5_dec,7_features_timeseries_60_sec.csv,678,14,6,0.3339,0,14,1.0,0.973,1.0,0.027
disflooding_var5_dec,8_features_timeseries_60_sec.csv,678,14,6,0.2192,0,14,1.0,0.9539,1.0,0.0461
disflooding_var5_dec,9_features_timeseries_60_sec.csv,678,14,6,0.2737,0,14,1.0,0.976,1.0,0.024
disflooding_var5_oo,10_features_timeseries_60_sec.csv,684,14,6,0.322,0,14,1.0,0.984,1.0,0.016
disflooding_var5_oo,11_features_timeseries_60_sec.csv,684,14,6,0.2923,0,14,1.0,0.974,1.0,0.026
disflooding_var5_oo,12_features_timeseries_60_sec.csv,684,14,6,0.2805,0,14,1.0,0.991,1.0,0.009
disflooding_var5_oo,13_features_timeseries_60_sec.csv,684,14,6,0.2738,0,14,1.0,0.983,1.0,0.017
disflooding_var5_oo,15_features_timeseries_60_sec.csv,684,14,6,0.1982,0,14,1.0,0.982,1.0,0.018
disflooding_var5_oo,16_features_timeseries_60_sec.csv,684,14,6,0.2504,0,14,1.0,0.986,1.0,0.014
disflooding_var5_oo,18_features_timeseries_60_sec.csv,684,14,6,0.2756,0,14,1.0,0.987,1.0,0.013
disflooding_var5_oo,19_features_timeseries_60_sec.csv,684,14,6,0.2466,0,14,1.0,0.988,1.0,0.012
disflooding_var5_oo,1_features_timeseries_60_sec.csv,684,14,6,0.281,0,14,1.0,0.979,1.0,0.021
disflooding_var5_oo,20_features_timeseries_60_sec.csv,684,14,6,0.2434,0,14,1.0,0.979,1.0,0.021
disflooding_var5_oo,22_features_timeseries_60_sec.csv,684,14,6,0.2964,0,14,1.0,0.992,1.0,0.008
disflooding_var5_oo,23_features_timeseries_60_sec.csv,684,14,6,0.3058,0,14,1.0,0.984,1.0,0.016
disflooding_var5_oo,2_features_timeseries_60_sec.csv,684,14,6,0.2768,0,14,1.0,0.994,1.0,0.006
disflooding_var5_oo,3_features_timeseries_60_sec.csv,684,14,12,0.2688,0,14,1.0,0.967,1.0,0.033
disflooding_var5_oo,4_features_timeseries_60_sec.csv,684,14,6,0.3513,0,14,1.0,0.987,1.0,0.013
disflooding_var5_oo,5_features_timeseries_60_sec.csv,684,14,6,0.2614,0,14,1.0,0.984,1.0,0.016
disflooding_var5_oo,6_features_timeseries_60_sec.csv,684,14,6,0.2768,0,14,1.0,0.983,1.0,0.017
disflooding_var5_oo,7_features_timeseries_60_sec.csv,684,14,6,0.2958,0,14,1.0,0.981,1.0,0.019
disflooding_var5_oo,8_features_timeseries_60_sec.csv,684,14,6,0.2617,0,14,1.0,0.983,1.0,0.017
disflooding_var5_oo,9_features_timeseries_60_sec.csv,684,14,6,0.2528,0,14,1.0,0.966,1.0,0.034
localrepair_var10_base,10_features_timeseries_60_sec.csv,710,14,6,0.1877,4,14,1.0,1.0,1.0,0.0
localrepair_var10_base,11_features_timeseries_60_sec.csv,710,14,6,0.1804,4,14,1.0,0.984,1.0,0.016
localrepair_var10_base,12_features_timeseries_60_sec.csv,710,14,6,0.212,0,14,1.0,0.9519,1.0,0.0481
localrepair_var10_base,13_features_timeseries_60_sec.csv,710,14,6,0.2173,4,14,1.0,1.0,1.0,0.0
localrepair_var10_base,14_features_timeseries_60_sec.csv,710,14,6,0.3198,0,14,1.0,0.965,1.0,0.035
localrepair_var10_base,15_features_timeseries_60_sec.csv,710,14,6,0.1867,4,14,1.0,1.0,1.0,0.0
localrepair_var10_base,16_features_timeseries_60_sec.csv,710,14,6,0.1685,4,14,1.0,1.0,1.0,0.0
localrepair_var10_base,17_features_timeseries_60_sec.csv,710,14,6,0.1635,4,14,1.0,1.0,1.0,0.0
localrepair_var10_base,18_features_timeseries_60_sec.csv,710,14,6,0.1892,4,14,1.0,0.995,1.0,0.005
localrepair_var10_base,19_features_timeseries_60_sec.csv,710,14,6,0.184,4,14,1.0,1.0,1.0,0.0
localrepair_var10_base,1_features_timeseries_60_sec.csv,710,14,6,0.2643,0,14,1.0,0.986,1.0,0.014
localrepair_var10_base,20_features_timeseries_60_sec.csv,710,14,6,0.1729,4,14,1.0,1.0,1.0,0.0
localrepair_var10_base,2_features_timeseries_60_sec.csv,710,14,6,0.2421,0,14,1.0,0.989,1.0,0.011
localrepair_var10_base,3_features_timeseries_60_sec.csv,710,14,6,0.3657,0,14,1.0,0.986,1.0,0.014
localrepair_var10_base,4_features_timeseries_60_sec.csv,710,14,6,0.2316,0,14,1.0,0.981,1.0,0.019
localrepair_var10_base,5_features_timeseries_60_sec.csv,710,14,6,0.1574,4,14,1.0,1.0,1.0,0.0
localrepair_var10_base,6_features_timeseries_60_sec.csv,710,14,6,0.1616,4,14,1.0,1.0,1.0,0.0
localrepair_var10_base,7_features_timeseries_60_sec.csv,710,14,6,0.2634,0,14,1.0,0.996,1.0,0.004
localrepair_var10_base,8_features_timeseries_60_sec.csv,710,14,6,0.3073,0,14,1.0,0.989,1.0,0.011
localrepair_var10_base,9_features_timeseries_60_sec.csv,710,14,6,0.1997,2,14,1.0,0.984,1.0,0.016
localrepair_var10_dec,10_features_timeseries_60_sec.csv,710,14,6,0.2335,4,14,1.0,1.0,1.0,0.0
localrepair_var10_dec,11_features_timeseries_60_sec.csv,710,14,6,0.1752,2,14,1.0,0.989,1.0,0.011
localrepair_var10_dec,12_features_timeseries_60_sec.csv,710,14,6,0.2007,4,14,1.0,1.0,1.0,0.0
localrepair_var10_dec,13_features_timeseries_60_sec.csv,710,14,6,0.1371,4,14,1.0,0.993,1.0,0.007
localrepair_var10_dec,14_features_timeseries_60_sec.csv,710,14,6,0.1561,4,14,1.0,0.99,1.0,0.01
localrepair_var10_dec,15_features_timeseries_60_sec.csv,710,14,6,0.1915,4,14,1.0,1.0,1.0,0.0
localrepair_var10_dec,16_features_timeseries_60_sec.csv,710,14,6,0.1791,4,14,1.0,0.998,1.0,0.002
localrepair_var10_dec,17_features_timeseries_60_sec.csv,710,14,6,0.1956,2,14,1.0,1.0,1.0,0.0
localrepair_var10_dec,18_features_timeseries_60_sec.csv,710,14,6,0.1664,4,14,1.0,1.0,1.0,0.0
localrepair_var10_dec,19_features_timeseries_60_sec.csv,710,14,6,0.1578,4,14,1.0,0.995,1.0,0.005
localrepair_var10_dec,1_features_timeseries_60_sec.csv,710,14,6,0.2051,4,14,1.0,1.0,1.0,0.0
localrepair_var10_dec,20_features_timeseries_60_sec.csv,710,14,6,0.199,4,14,1.0,1.0,1.0,0.0
localrepair_var10_dec,2_features_timeseries_60_sec.csv,710,14,6,0.1775,4,14,1.0,1.0,1.0,0.0
localrepair_var10_dec,3_features_timeseries_60_sec.csv,710,14,6,0.19,4,14,1.0,1.0,1.0,0.0
localrepair_var10_dec,4_features_timeseries_60_sec.csv,710,14,6,0.1565,2,14,1.0,0.99,1.0,0.01
localrepair_var10_dec,5_features_timeseries_60_sec.csv,710,14,6,0.1846,2,14,1.0,0.999,1.0,0.001
localrepair_var10_dec,6_features_timeseries_60_sec.csv,710,14,6,0.1904,4,14,1.0,1.0,1.0,0.0
localrepair_var10_dec,7_features_timeseries_60_sec.csv,710,14,6,0.1542,4,14,1.0,0.993,1.0,0.007
localrepair_var10_dec,8_features_timeseries_60_sec.csv,710,14,6,0.177,4,14,1.0,0.985,1.0,0.015
localrepair_var10_dec,9_features_timeseries_60_sec.csv,710,14,6,0.2137,4,14,1.0,1.0,1.0,0.0
localrepair_var10_oo,10_features_timeseries_60_sec.csv,710,14,6,0.1974,4,14,0.4237,0.9144,0.4077,0.4907
localrepair_var10_oo,11_features_timeseries_60_sec.csv,710,14,6,0.2072,0,14,0.4218,0.9225,0.4118,0.5008
localrepair_var10_oo,12_features_timeseries_60_sec.csv,710,14,6,0.1809,4,14,0.4158,0.966,0.4056,0.5502
localrepair_var10_oo,13_features_timeseries_60_sec.csv,710,14,6,0.1838,4,14,0.4118,0.983,0.4097,0.5712
localrepair_var10_oo,14_features_timeseries_60_sec.csv,710,14,6,0.1884,4,14,0.4218,0.969,0.4198,0.5472
localrepair_var10_oo,15_features_timeseries_60_sec.csv,710,14,8,0.1944,4,14,0.4138,0.9418,0.4056,0.528
localrepair_var10_oo,16_features_timeseries_60_sec.csv,710,14,6,0.2506,0,14,0.4097,0.8151,0.3773,0.4054
localrepair_var10_oo,17_features_timeseries_60_sec.csv,710,14,6,0.1976,4,14,0.4237,0.8772,0.4077,0.4535
localrepair_var10_oo,18_features_timeseries_60_sec.csv,710,14,6,0.172,4,14,0.4218,0.9093,0.4097,0.4875
localrepair_var10_oo,19_features_timeseries_60_sec.csv,710,14,6,0.2094,4,14,0.4097,0.898,0.3972,0.4882
localrepair_var10_oo,1_features_timeseries_60_sec.csv,710,14,6,0.2146,4,14,0.4077,0.984,0.4077,0.5763
localrepair_var10_oo,20_features_timeseries_60_sec.csv,710,14,6,0.2696,2,14,1.0,0.9144,1.0,0.0856
localrepair_var10_oo,2_features_timeseries_60_sec.csv,710,14,6,0.1916,2,14,1.0,0.9479,1.0,0.0521
localrepair_var10_oo,3_features_timeseries_60_sec.csv,710,14,6,0.2083,4,14,0.4237,0.9428,0.4178,0.5191
localrepair_var10_oo,4_features_timeseries_60_sec.csv,710,14,6,0.231,0,14,0.4352,0.9317,0.4295,0.4965
localrepair_var10_oo,5_features_timeseries_60_sec.csv,710,14,6,0.1737,4,14,0.4138,0.977,0.4097,0.5632
localrepair_var10_oo,6_features_timeseries_60_sec.csv,710,14,6,0.1838,4,14,0.4295,0.9185,0.4178,0.4889
localrepair_var10_oo,7_features_timeseries_60_sec.csv,710,14,6,0.1723,4,14,0.4178,0.9559,0.4056,0.5381
localrepair_var10_oo,8_features_timeseries_60_sec.csv,710,14,6,0.2509,4,14,0.4198,0.973,0.4198,0.5532
localrepair_var10_oo,9_features_timeseries_60_sec.csv,710,14,6,0.2007,0,14,1.0,0.977,1.0,0.023
localrepair_var15_base,10_features_timeseries_60_sec.csv,710,14,6,0.2047,4,14,1.0,1.0,1.0,0.0
localrepair_var15_base,11_features_timeseries_60_sec.csv,710,14,6,0.1661,4,14,1.0,1.0,1.0,0.0
localrepair_var15_base,12_features_timeseries_60_sec.csv,710,14,6,0.1651,4,14,1.0,1.0,1.0,0.0
localrepair_var15_base,13_features_timeseries_60_sec.csv,710,14,6,0.1438,4,14,1.0,1.0,1.0,0.0
localrepair_var15_base,14_features_timeseries_60_sec.csv,710,14,6,0.1538,4,14,1.0,1.0,1.0,0.0
localrepair_var15_base,15_features_timeseries_60_sec.csv,710,14,6,0.1717,4,14,1.0,1.0,1.0,0.0
localrepair_var15_base,16_features_timeseries_60_sec.csv,710,14,6,0.1668,4,14,1.0,1.0,1.0,0.0
localrepair_var15_base,17_features_timeseries_60_sec.csv,710,14,6,0.1593,4,14,1.0,1.0,1.0,0.0
localrepair_var15_base,18_features_timeseries_60_sec.csv,710,14,6,0.2075,0,14,1.0,0.9398,1.0,0.0602
localrepair_var15_base,19_features_timeseries_60_sec.csv,710,14,6,0.1677,4,14,1.0,1.0,1.0,0.0
localrepair_var15_base,1_features_timeseries_60_sec.csv,710,14,6,0.1704,4,14,1.0,1.0,1.0,0.0
localrepair_var15_base,20_features_timeseries_60_sec.csv,710,14,6,0.1417,4,14,1.0,1.0,1.0,0.0
localrepair_var15_base,2_features_timeseries_60_sec.csv,710,14,6,0.1449,4,14,1.0,0.9479,1.0,0.0521
localrepair_var15_base,3_features_timeseries_60_sec.csv,710,14,6,0.1944,0,14,1.0,0.996,1.0,0.004
localrepair_var15_base,4_features_timeseries_60_sec.csv,710,14,6,0.22,0,14,1.0,0.988,1.0,0.012
localrepair_var15_base,5_features_timeseries_60_sec.csv,710,14,6,0.1737,4,14,1.0,1.0,1.0,0.0
localrepair_var15_base,6_features_timeseries_60_sec.csv,710,14,6,0.1566,4,14,1.0,1.0,1.0,0.0
localrepair_var15_base,7_features_timeseries_60_sec.csv,710,14,6,0.1386,4,14,1.0,1.0,1.0,0.0
localrepair_var15_base,8_features_timeseries_60_sec.csv,710,14,6,0.2468,0,14,1.0,0.996,1.0,0.004
localrepair_var15_base,9_features_timeseries_60_sec.csv,710,14,6,0.2135,0,14,1.0,0.984,1.0,0.016
localrepair_var15_dec,10_features_timeseries_60_sec.csv,710,14,6,0.1633,4,14,1.0,1.0,1.0,0.0
localrepair_var15_dec,11_features_timeseries_60_sec.csv,710,14,6,0.1549,4,14,1.0,1.0,1.0,0.0
localrepair_var15_dec,12_features_timeseries_60_sec.csv,710,14,6,0.1603,4,14,1.0,1.0,1.0,0.0
localrepair_var15_dec,13_features_timeseries_60_sec.csv,710,14,6,0.187,4,14,1.0,1.0,1.0,0.0
localrepair_var15_dec,14_features_timeseries_60_sec.csv,710,14,6,0.1731,4,14,1.0,1.0,1.0,0.0
localrepair_var15_dec,15_features_timeseries_60_sec.csv,710,14,6,0.1502,2,14,1.0,0.994,1.0,0.006
localrepair_var15_dec,16_features_timeseries_60_sec.csv,710,14,6,0.1714,4,14,1.0,1.0,1.0,0.0
localrepair_var15_dec,17_features_timeseries_60_sec.csv,710,14,6,0.191,4,14,1.0,1.0,1.0,0.0
localrepair_var15_dec,18_features_timeseries_60_sec.csv,710,14,6,0.1302,4,14,1.0,0.985,1.0,0.015
localrepair_var15_dec,19_features_timeseries_60_sec.csv,710,14,6,0.1646,4,14,1.0,0.998,1.0,0.002
localrepair_var15_dec,1_features_timeseries_60_sec.csv,710,14,6,0.1207,4,14,1.0,0.989,1.0,0.011
localrepair_var15_dec,20_features_timeseries_60_sec.csv,710,14,6,0.1468,4,14,1.0,0.985,1.0,0.015
localrepair_var15_dec,2_features_timeseries_60_sec.csv,710,14,6,0.1721,4,14,1.0,1.0,1.0,0.0
localrepair_var15_dec,3_features_timeseries_60_sec.csv,710,14,6,0.199,4,14,1.0,1.0,1.0,0.0
localrepair_var15_dec,4_features_timeseries_60_sec.csv,710,14,6,0.1574,4,14,1.0,1.0,1.0,0.0
localrepair_var15_dec,5_features_timeseries_60_sec.csv,710,14,6,0.1721,4,14,1.0,1.0,1.0,0.0
localrepair_var15_dec,6_features_timeseries_60_sec.csv,710,14,6,0.1492,4,14,1.0,0.975,1.0,0.025
localrepair_var15_dec,7_features_timeseries_60_sec.csv,710,14,6,0.1514,4,14,1.0,1.0,1.0,0.0
localrepair_var15_dec,8_features_timeseries_60_sec.csv,710,14,6,0.1755,4,14,1.0,1.0,1.0,0.0
localrepair_var15_dec,9_features_timeseries_60_sec.csv,710,14,6,0.174,4,14,1.0,1.0,1.0,0.0
localrepair_var15_oo,10_features_timeseries_60_sec.csv,710,14,6,0.2046,0,14,1.0,0.992,1.0,0.008
localrepair_var15_oo,11_features_timeseries_60_sec.csv,710,14,6,0.1466,4,14,0.4237,0.9246,0.4056,0.5008
localrepair_var15_oo,12_features_timeseries_60_sec.csv,710,14,6,0.1706,4,14,0.4118,0.992,0.4077,0.5802
localrepair_var15_oo,13_features_timeseries_60_sec.csv,710,14,6,0.1755,4,14,0.4118,0.965,0.4056,0.5532
localrepair_var15_oo,14_features_timeseries_60_sec.csv,710,14,6,0.2154,0,14,0.4178,0.872,0.3929,0.4542
localrepair_var15_oo,15_features_timeseries_60_sec.csv,710,14,6,0.1751,4,14,0.4138,0.9327,0.3993,0.5189
localrepair_var15_oo,16_features_timeseries_60_sec.csv,710,14,6,0.159,4,14,0.4178,0.9276,0.4014,0.5098
localrepair_var15_oo,17_features_timeseries_60_sec.csv,710,14,6,0.1799,4,14,0.4158,0.9123,0.4035,0.4965
localrepair_var15_oo,18_features_timeseries_60_sec.csv,710,14,6,0.1916,4,14,0.4097,0.971,0.4035,0.5613
localrepair_var15_oo,19_features_timeseries_60_sec.csv,710,14,6,0.1778,0,14,0.4257,0.9123,0.4077,0.4867
localrepair_var15_oo,1_features_timeseries_60_sec.csv,710,14,6,0.2268,4,14,0.4077,0.982,0.4035,0.5743
localrepair_var15_oo,20_features_timeseries_60_sec.csv,710,14,6,0.2035,4,14,0.4077,0.99,0.4056,0.5823
localrepair_var15_oo,2_features_timeseries_60_sec.csv,710,14,6,0.202,0,14,0.4218,0.9123,0.4097,0.4906
localrepair_var15_oo,3_features_timeseries_60_sec.csv,710,14,6,0.1765,4,14,0.4138,0.964,0.4056,0.5502
localrepair_var15_oo,4_features_timeseries_60_sec.csv,710,14,6,0.1894,4,14,0.4257,0.8423,0.4056,0.4166
localrepair_var15_oo,5_features_timeseries_60_sec.csv,710,14,6,0.1715,4,14,0.4056,0.983,0.4056,0.5774
localrepair_var15_oo,6_features_timeseries_60_sec.csv,710,14,6,0.1691,4,14,0.4218,0.9317,0.4035,0.5099
localrepair_var15_oo,7_features_timeseries_60_sec.csv,710,14,6,0.1765,4,14,0.4138,0.98,0.4035,0.5662
localrepair_var15_oo,8_features_timeseries_60_sec.csv,710,14,6,0.166,4,14,0.4198,0.8938,0.3993,0.474
localrepair_var15_oo,9_features_timeseries_60_sec.csv,710,14,6,0.1788,4,14,0.4118,0.974,0.4077,0.5622
localrepair_var20_base,10_features_timeseries_60_sec.csv,710,14,6,0.1584,4,14,1.0,1.0,1.0,0.0
localrepair_var20_base,11_features_timeseries_60_sec.csv,710,14,6,0.1878,4,14,1.0,1.0,1.0,0.0
localrepair_var20_base,12_features_timeseries_60_sec.csv,710,14,6,0.1486,4,14,1.0,1.0,1.0,0.0
localrepair_var20_base,13_features_timeseries_60_sec.csv,710,14,6,0.1521,4,14,1.0,1.0,1.0,0.0
localrepair_var20_base,14_features_timeseries_60_sec.csv,710,14,6,0.2013,0,14,1.0,0.989,1.0,0.011
localrepair_var20_base,15_features_timeseries_60_sec.csv,710,14,6,0.1939,4,14,1.0,1.0,1.0,0.0
localrepair_var20_base,16_features_timeseries_60_sec.csv,710,14,6,0.1742,4,14,1.0,1.0,1.0,0.0
localrepair_var20_base,17_features_timeseries_60_sec.csv,710,14,6,0.1529,4,14,1.0,1.0,1.0,0.0
localrepair_var20_base,18_features_timeseries_60_sec.csv,710,14,6,0.1605,4,14,1.0,1.0,1.0,0.0
localrepair_var20_base,19_features_timeseries_60_sec.csv,710,14,4,0.2417,4,14,1.0,1.0,1.0,0.0
localrepair_var20_base,1_features_timeseries_60_sec.csv,710,14,6,0.1786,4,14,1.0,1.0,1.0,0.0
localrepair_var20_base,20_features_timeseries_60_sec.csv,710,14,6,0.2192,0,14,1.0,0.998,1.0,0.002
localrepair_var20_base,2_features_timeseries_60_sec.csv,710,14,4,0.2964,0,14,1.0,1.0,1.0,0.0
localrepair_var20_base,3_features_timeseries_60_sec.csv,710,14,6,0.1698,4,14,1.0,1.0,1.0,0.0
localrepair_var20_base,4_features_timeseries_60_sec.csv,710,14,4,0.2464,0,14,1.0,0.997,1.0,0.003
localrepair_var20_base,5_features_timeseries_60_sec.csv,710,14,6,0.2138,0,14,1.0,1.0,1.0,0.0
localrepair_var20_base,6_features_timeseries_60_sec.csv,710,14,6,0.1751,0,14,1.0,0.9599,1.0,0.0401
localrepair_var20_base,7_features_timeseries_60_sec.csv,710,14,6,0.1467,4,14,1.0,0.9144,1.0,0.0856
localrepair_var20_base,8_features_timeseries_60_sec.csv,710,14,6,0.3269,0,14,1.0,0.9367,1.0,0.0633
localrepair_var20_base,9_features_timeseries_60_sec.csv,710,14,6,0.1996,0,14,1.0,0.995,1.0,0.005
localrepair_var20_dec,10_features_timeseries_60_sec.csv,710,14,6,0.1862,4,14,1.0,1.0,1.0,0.0
localrepair_var20_dec,11_features_timeseries_60_sec.csv,710,14,6,0.1693,4,14,1.0,1.0,1.0,0.0
localrepair_var20_dec,12_features_timeseries_60_sec.csv,710,14,6,0.1812,4,14,1.0,1.0,1.0,0.0
localrepair_var20_dec,13_features_timeseries_60_sec.csv,710,14,6,0.1389,4,14,1.0,0.997,1.0,0.003
localrepair_var20_dec,14_features_timeseries_60_sec.csv,710,14,6,0.1557,2,14,1.0,0.993,1.0,0.007
localrepair_var20_dec,15_features_timeseries_60_sec.csv,710,14,6,0.1738,4,14,1.0,1.0,1.0,0.0
localrepair_var20_dec,16_features_timeseries_60_sec.csv,710,14,6,0.1849,4,14,1.0,1.0,1.0,0.0
localrepair_var20_dec,17_features_timeseries_60_sec.csv,710,14,6,0.1551,2,14,1.0,0.979,1.0,0.021
localrepair_var20_dec,18_features_timeseries_60_sec.csv,710,14,6,0.1552,4,14,1.0,0.999,1.0,0.001
localrepair_var20_dec,19_features_timeseries_60_sec.csv,710,14,6,0.1666,4,14,1.0,0.996,1.0,0.004
localrepair_var20_dec,1_features_timeseries_60_sec.csv,710,14,6,0.1801,4,14,1.0,1.0,1.0,0.0
localrepair_var20_dec,20_features_timeseries_60_sec.csv,710,14,6,0.1854,2,14,1.0,0.997,1.0,0.003
localrepair_var20_dec,2_features_timeseries_60_sec.csv,710,14,6,0.1562,4,14,1.0,1.0,1.0,0.0
localrepair_var20_dec,3_features_timeseries_60_sec.csv,710,14,6,0.1681,2,14,1.0,0.9589,1.0,0.0411
localrepair_var20_dec,4_features_timeseries_60_sec.csv,710,14,6,0.217,4,14,1.0,1.0,1.0,0.0
localrepair_var20_dec,5_features_timeseries_60_sec.csv,710,14,6,0.1928,4,14,1.0,1.0,1.0,0.0
localrepair_var20_dec,6_features_timeseries_60_sec.csv,710,14,6,0.1733,4,14,1.0,1.0,1.0,0.0
localrepair_var20_dec,7_features_timeseries_60_sec.csv,710,14,6,0.1315,4,14,1.0,0.997,1.0,0.003
localrepair_var20_dec,8_features_timeseries_60_sec.csv,710,14,6,0.1554,4,14,1.0,0.993,1.0,0.007
localrepair_var20_dec,9_features_timeseries_60_sec.csv,710,14,6,0.1771,4,14,1.0,0.998,1.0,0.002
localrepair_var20_oo,10_features_timeseries_60_sec.csv,710,14,6,0.191,4,14,0.4097,0.978,0.4056,0.5683
localrepair_var20_oo,11_features_timeseries_60_sec.csv,710,14,6,0.2321,0,14,1.0,0.986,1.0,0.014
localrepair_var20_oo,12_features_timeseries_60_sec.csv,710,14,6,0.1771,4,14,0.4178,0.9307,0.4056,0.5129
localrepair_var20_oo,13_features_timeseries_60_sec.csv,710,14,6,0.1525,4,14,0.4257,0.8593,0.4056,0.4336
localrepair_var20_oo,14_features_timeseries_60_sec.csv,710,14,6,0.2196,0,14,0.4925,0.966,0.4688,0.4734
localrepair_var20_oo,15_features_timeseries_60_sec.csv,710,14,6,0.1487,4,14,0.4569,0.9499,0.4352,0.493
localrepair_var20_oo,16_features_timeseries_60_sec.csv,710,14,6,0.1817,4,14,0.4158,0.971,0.4014,0.5552
localrepair_var20_oo,17_features_timeseries_60_sec.csv,710,14,6,0.178,4,14,0.4097,0.9479,0.3972,0.5381
localrepair_var20_oo,18_features_timeseries_60_sec.csv,710,14,6,0.1758,4,14,0.4014,0.9438,0.3907,0.5424
localrepair_var20_oo,19_features_timeseries_60_sec.csv,710,14,6,0.1986,0,14,0.4138,0.9509,0.4097,0.5371
localrepair_var20_oo,1_features_timeseries_60_sec.csv,710,14,6,0.1697,4,14,0.4158,0.9479,0.4014,0.5321
localrepair_var20_oo,20_features_timeseries_60_sec.csv,710,14,6,0.1683,4,14,0.4077,0.987,0.4035,0.5793
localrepair_var20_oo,2_features_timeseries_60_sec.csv,710,14,6,0.1658,4,14,0.4138,0.9276,0.4014,0.5138
localrepair_var20_oo,3_features_timeseries_60_sec.csv,710,14,6,0.1794,4,14,0.4138,0.9205,0.3972,0.5067
localrepair_var20_oo,4_features_timeseries_60_sec.csv,710,14,6,0.2077,4,14,0.4198,0.9256,0.3993,0.5058
localrepair_var20_oo,5_features_timeseries_60_sec.csv,710,14,6,0.18,4,14,0.4118,0.988,0.4138,0.5762
localrepair_var20_oo,6_features_timeseries_60_sec.csv,710,14,6,0.1648,2,14,0.4118,0.8855,0.3972,0.4738
localrepair_var20_oo,7_features_timeseries_60_sec.csv,710,14,6,0.1818,4,14,0.4158,0.9499,0.4077,0.5341
localrepair_var20_oo,8_features_timeseries_60_sec.csv,710,14,6,0.2069,2,14,0.4654,0.9256,0.4848,0.4602
localrepair_var20_oo,9_features_timeseries_60_sec.csv,710,14,6,0.189,4,14,0.4097,0.991,0.4035,0.5813
localrepair_var5_base,10_features_timeseries_60_sec.csv,710,14,6,0.2089,4,14,1.0,1.0,1.0,0.0
localrepair_var5_base,11_features_timeseries_60_sec.csv,710,14,12,0.2833,0,14,1.0,0.972,1.0,0.028
localrepair_var5_base,12_features_timeseries_60_sec.csv,710,14,6,0.3851,0,14,1.0,0.992,1.0,0.008
localrepair_var5_base,13_features_timeseries_60_sec.csv,710,14,6,0.3444,0,14,1.0,0.987,1.0,0.013
localrepair_var5_base,14_features_timeseries_60_sec.csv,710,14,6,0.2743,0,14,1.0,0.9629,1.0,0.0371
localrepair_var5_base,15_features_timeseries_60_sec.csv,710,14,6,0.2404,4,14,1.0,1.0,1.0,0.0
localrepair_var5_base,16_features_timeseries_60_sec.csv,710,14,6,0.2392,0,14,1.0,0.992,1.0,0.008
localrepair_var5_base,17_features_timeseries_60_sec.csv,710,14,6,0.2137,4,14,1.0,1.0,1.0,0.0
localrepair_var5_base,18_features_timeseries_60_sec.csv,710,14,6,0.2332,4,14,1.0,1.0,1.0,0.0
localrepair_var5_base,19_features_timeseries_60_sec.csv,710,14,6,0.2258,4,14,1.0,1.0,1.0,0.0
localrepair_var5_base,1_features_timeseries_60_sec.csv,710,14,6,0.2364,4,14,1.0,1.0,1.0,0.0
localrepair_var5_base,20_features_timeseries_60_sec.csv,710,14,12,0.2292,4,14,1.0,0.974,1.0,0.026
localrepair_var5_base,2_features_timeseries_60_sec.csv,710,14,6,0.282,0,14,1.0,0.984,1.0,0.016
localrepair_var5_base,3_features_timeseries_60_sec.csv,710,14,6,0.2524,4,14,1.0,1.0,1.0,0.0
localrepair_var5_base,4_features_timeseries_60_sec.csv,710,14,6,0.2365,4,14,1.0,1.0,1.0,0.0
localrepair_var5_base,5_features_timeseries_60_sec.csv,710,14,6,0.1998,4,14,1.0,1.0,1.0,0.0
localrepair_var5_base,6_features_timeseries_60_sec.csv,710,14,6,0.223,4,14,1.0,1.0,1.0,0.0
localrepair_var5_base,7_features_timeseries_60_sec.csv,710,14,6,0.2195,4,14,1.0,1.0,1.0,0.0
localrepair_var5_base,8_features_timeseries_60_sec.csv,710,14,6,0.2641,0,14,1.0,0.993,1.0,0.007
localrepair_var5_base,9_features_timeseries_60_sec.csv,710,14,6,0.2264,4,14,1.0,1.0,1.0,0.0
localrepair_var5_dec,10_features_timeseries_60_sec.csv,710,14,6,0.2086,4,14,1.0,1.0,1.0,0.0
localrepair_var5_dec,11_features_timeseries_60_sec.csv,710,14,12,0.2016,4,14,1.0,0.97,1.0,0.03
localrepair_var5_dec,12_features_timeseries_60_sec.csv,710,14,6,0.2259,4,14,1.0,1.0,1.0,0.0
localrepair_var5_dec,13_features_timeseries_60_sec.csv,710,14,6,0.2169,4,14,1.0,0.989,1.0,0.011
localrepair_var5_dec,14_features_timeseries_60_sec.csv,710,14,6,0.2163,4,14,1.0,1.0,1.0,0.0
localrepair_var5_dec,15_features_timeseries_60_sec.csv,710,14,6,0.2299,4,14,1.0,1.0,1.0,0.0
localrepair_var5_dec,16_features_timeseries_60_sec.csv,710,14,8,0.2725,4,14,1.0,1.0,1.0,0.0
localrepair_var5_dec,17_features_timeseries_60_sec.csv,710,14,6,0.2175,4,14,1.0,1.0,1.0,0.0
localrepair_var5_dec,18_features_timeseries_60_sec.csv,710,14,6,0.2293,4,14,1.0,1.0,1.0,0.0
localrepair_var5_dec,19_features_timeseries_60_sec.csv,710,14,6,0.2353,2,14,1.0,0.999,1.0,0.001
localrepair_var5_dec,1_features_timeseries_60_sec.csv,710,14,6,0.1985,4,14,1.0,0.988,1.0,0.012
localrepair_var5_dec,20_features_timeseries_60_sec.csv,710,14,12,0.2045,4,14,1.0,0.968,1.0,0.032
localrepair_var5_dec,2_features_timeseries_60_sec.csv,710,14,6,0.2131,4,14,1.0,1.0,1.0,0.0
localrepair_var5_dec,3_features_timeseries_60_sec.csv,710,14,6,0.1758,2,14,1.0,0.993,1.0,0.007
localrepair_var5_dec,4_features_timeseries_60_sec.csv,710,14,6,0.2582,4,14,1.0,1.0,1.0,0.0
localrepair_var5_dec,5_features_timeseries_60_sec.csv,710,14,6,0.1928,2,14,1.0,0.989,1.0,0.011
localrepair_var5_dec,6_features_timeseries_60_sec.csv,710,14,6,0.2142,4,14,1.0,1.0,1.0,0.0
localrepair_var5_dec,7_features_timeseries_60_sec.csv,710,14,6,0.248,4,14,1.0,1.0,1.0,0.0
localrepair_var5_dec,8_features_timeseries_60_sec.csv,710,14,6,0.2269,4,14,1.0,1.0,1.0,0.0
localrepair_var5_dec,9_features_timeseries_60_sec.csv,710,14,6,0.249,2,14,1.0,0.994,1.0,0.006
localrepair_var5_oo,10_features_timeseries_60_sec.csv,710,14,12,0.1909,4,14,0.4389,0.898,0.4178,0.459
localrepair_var5_oo,11_features_timeseries_60_sec.csv,710,14,12,0.2367,0,14,0.4178,0.8688,0.395,0.451
localrepair_var5_oo,12_features_timeseries_60_sec.csv,710,14,6,0.1895,4,14,0.4198,0.9569,0.4178,0.5371
localrepair_var5_oo,13_features_timeseries_60_sec.csv,710,14,12,0.2061,0,14,0.4408,0.8866,0.4257,0.4458
localrepair_var5_oo,14_features_timeseries_60_sec.csv,710,14,12,0.182,4,14,0.4426,0.8508,0.4218,0.4082
localrepair_var5_oo,15_features_timeseries_60_sec.csv,710,14,8,0.1763,4,14,0.4198,0.8876,0.4056,0.4678
localrepair_var5_oo,16_features_timeseries_60_sec.csv,710,14,12,0.2581,4,14,0.4408,0.8762,0.4178,0.4354
localrepair_var5_oo,17_features_timeseries_60_sec.csv,710,14,12,0.1765,4,14,0.4371,0.8845,0.4178,0.4474
localrepair_var5_oo,18_features_timeseries_60_sec.csv,710,14,6,0.2713,4,14,0.4237,0.9144,0.4138,0.4907
localrepair_var5_oo,19_features_timeseries_60_sec.csv,710,14,12,0.203,4,14,0.4371,0.8845,0.4198,0.4474
localrepair_var5_oo,1_features_timeseries_60_sec.csv,710,14,6,0.2684,0,14,0.4257,0.964,0.4218,0.5383
localrepair_var5_oo,20_features_timeseries_60_sec.csv,710,14,12,0.2199,4,14,0.4352,0.9052,0.4237,0.4699
localrepair_var5_oo,2_features_timeseries_60_sec.csv,710,14,6,0.227,4,14,0.4158,0.986,0.4178,0.5702
localrepair_var5_oo,3_features_timeseries_60_sec.csv,710,14,6,0.3505,0,14,0.4077,0.8793,0.3773,0.4716
localrepair_var5_oo,4_features_timeseries_60_sec.csv,710,14,12,0.2442,0,14,0.4295,0.9093,0.4295,0.4797
localrepair_var5_oo,5_features_timeseries_60_sec.csv,710,14,12,0.1951,0,14,0.4408,0.9195,0.4333,0.4787
localrepair_var5_oo,6_features_timeseries_60_sec.csv,710,14,6,0.3569,0,14,0.4218,0.872,0.4077,0.4502
localrepair_var5_oo,7_features_timeseries_60_sec.csv,710,14,6,0.2107,4,14,0.4218,0.9,0.4138,0.4783
localrepair_var5_oo,8_features_timeseries_60_sec.csv,710,14,12,0.1988,4,14,0.4389,0.8762,0.4257,0.4372
localrepair_var5_oo,9_features_timeseries_60_sec.csv,710,14,12,0.1977,4,14,0.4389,0.8657,0.4237,0.4267
worstparent_var10_base,10_features_timeseries_60_sec.csv,710,14,6,0.1882,4,14,0.3796,1.0,0.3796,0.6204
worstparent_var10_base,11_features_timeseries_60_sec.csv,710,14,6,0.4889,0,14,1.0,0.998,1.0,0.002
worstparent_var10_base,12_features_timeseries_60_sec.csv,710,14,6,0.2905,2,14,1.0,0.9428,1.0,0.0572
worstparent_var10_base,13_features_timeseries_60_sec.csv,710,14,10,0.1658,4,14,1.0,1.0,1.0,0.0
worstparent_var10_base,14_features_timeseries_60_sec.csv,710,14,12,0.1754,2,14,1.0,0.9599,1.0,0.0401
worstparent_var10_base,15_features_timeseries_60_sec.csv,710,14,8,0.1542,4,14,1.0,0.995,1.0,0.005
worstparent_var10_base,16_features_timeseries_60_sec.csv,710,14,12,0.5745,2,14,1.0,0.9428,1.0,0.0572
worstparent_var10_base,17_features_timeseries_60_sec.csv,710,14,6,0.206,4,14,1.0,1.0,1.0,0.0
worstparent_var10_base,18_features_timeseries_60_sec.csv,710,14,12,0.2195,4,14,1.0,0.997,1.0,0.003
worstparent_var10_base,19_features_timeseries_60_sec.csv,710,14,6,0.3856,0,14,1.0,1.0,1.0,0.0
worstparent_var10_base,1_features_timeseries_60_sec.csv,710,14,12,0.2166,4,14,1.0,0.987,1.0,0.013
worstparent_var10_base,20_features_timeseries_60_sec.csv,710,14,6,0.217,4,14,0.3173,0.3333,0.0,0.0161
worstparent_var10_base,2_features_timeseries_60_sec.csv,710,14,6,0.1862,4,14,1.0,1.0,1.0,0.0
worstparent_var10_base,3_features_timeseries_60_sec.csv,710,14,8,0.1335,4,14,1.0,1.0,1.0,0.0
worstparent_var10_base,4_features_timeseries_60_sec.csv,710,14,6,0.3411,0,14,1.0,0.999,0.491,0.001
worstparent_var10_base,5_features_timeseries_60_sec.csv,710,14,6,0.1894,4,14,1.0,1.0,1.0,0.0
worstparent_var10_base,6_features_timeseries_60_sec.csv,710,14,8,0.1486,4,14,1.0,0.993,1.0,0.007
worstparent_var10_base,7_features_timeseries_60_sec.csv,710,14,6,0.1956,4,14,1.0,0.988,0.488,0.012
worstparent_var10_base,8_features_timeseries_60_sec.csv,710,14,8,0.4498,2,14,1.0,0.967,1.0,0.033
worstparent_var10_base,9_features_timeseries_60_sec.csv,710,14,6,0.5335,1,14,0.4769,0.9398,0.4753,0.4629
worstparent_var10_dec,10_features_timeseries_60_sec.csv,710,14,6,0.416,0,14,1.0,0.975,1.0,0.025
worstparent_var10_dec,11_features_timeseries_60_sec.csv,710,14,6,0.5898,0,14,0.491,0.988,0.497,0.497
worstparent_var10_dec,12_features_timeseries_60_sec.csv,710,14,6,0.2089,4,14,1.0,1.0,1.0,0.0
worstparent_var10_dec,13_features_timeseries_60_sec.csv,710,14,10,0.1735,4,14,1.0,1.0,1.0,0.0
worstparent_var10_dec,14_features_timeseries_60_sec.csv,710,14,6,0.4964,0,14,1.0,0.8918,1.0,0.1082
worstparent_var10_dec,15_features_timeseries_60_sec.csv,710,14,8,0.1403,4,14,1.0,0.998,1.0,0.002
worstparent_var10_dec,16_features_timeseries_60_sec.csv,710,14,12,0.5615,2,14,1.0,0.737,1.0,0.263
worstparent_var10_dec,17_features_timeseries_60_sec.csv,710,14,6,0.1781,4,14,1.0,1.0,1.0,0.0
worstparent_var10_dec,18_features_timeseries_60_sec.csv,710,14,6,0.2469,4,14,1.0,0.9072,1.0,0.0928
worstparent_var10_dec,19_features_timeseries_60_sec.csv,710,14,6,0.2097,4,14,1.0,0.997,1.0,0.003
worstparent_var10_dec,1_features_timeseries_60_sec.csv,710,14,12,0.2197,4,14,1.0,0.999,1.0,0.001
worstparent_var10_dec,20_features_timeseries_60_sec.csv,710,14,6,0.1862,4,14,0.4985,0.999,0.4801,0.5005
worstparent_var10_dec,2_features_timeseries_60_sec.csv,710,14,6,0.599,0,14,1.0,0.9174,1.0,0.0826
worstparent_var10_dec,3_features_timeseries_60_sec.csv,710,14,6,0.1806,4,14,1.0,1.0,1.0,0.0
worstparent_var10_dec,4_features_timeseries_60_sec.csv,710,14,6,0.223,4,14,1.0,1.0,1.0,0.0
worstparent_var10_dec,5_features_timeseries_60_sec.csv,710,14,6,0.19,4,14,0.4118,0.7175,0.3993,0.3057
worstparent_var10_dec,6_features_timeseries_60_sec.csv,710,14,6,0.5425,0,14,1.0,1.0,1.0,0.0
worstparent_var10_dec,7_features_timeseries_60_sec.csv,710,14,6,0.1821,4,14,1.0,0.985,1.0,0.015
worstparent_var10_dec,8_features_timeseries_60_sec.csv,710,14,8,0.1665,6,14,1.0,0.996,1.0,0.004
worstparent_var10_dec,9_features_timeseries_60_sec.csv,710,14,6,0.1606,4,14,1.0,1.0,1.0,0.0
worstparent_var10_oo,10_features_timeseries_60_sec.csv,710,14,6,0.1787,4,14,1.0,1.0,1.0,0.0
worstparent_var10_oo,11_features_timeseries_60_sec.csv,710,14,6,0.4965,0,14,1.0,0.9398,0.497,0.0602
worstparent_var10_oo,12_features_timeseries_60_sec.csv,710,14,6,0.193,4,14,0.4688,1.0,0.4481,0.5312
worstparent_var10_oo,13_features_timeseries_60_sec.csv,710,14,6,0.5009,0,14,0.4654,0.992,0.4671,0.5266
worstparent_var10_oo,14_features_timeseries_60_sec.csv,710,14,6,0.2308,4,14,0.4276,0.991,0.4654,0.5634
worstparent_var10_oo,15_features_timeseries_60_sec.csv,710,14,6,0.2196,4,14,0.3818,0.4146,0.2478,0.0328
worstparent_var10_oo,16_features_timeseries_60_sec.csv,710,14,8,0.3445,2,14,1.0,0.9205,0.4516,0.0795
worstparent_var10_oo,17_features_timeseries_60_sec.csv,710,14,6,0.1797,4,14,0.4603,0.965,0.4925,0.5046
worstparent_var10_oo,18_features_timeseries_60_sec.csv,710,14,6,0.1669,4,14,1.0,1.0,1.0,0.0
worstparent_var10_oo,19_features_timeseries_60_sec.csv,710,14,6,0.2401,4,14,0.4769,0.9479,0.4534,0.4709
worstparent_var10_oo,1_features_timeseries_60_sec.csv,710,14,12,0.4301,2,14,1.0,0.7125,1.0,0.2875
worstparent_var10_oo,20_features_timeseries_60_sec.csv,710,14,6,0.1703,4,14,0.494,1.0,0.494,0.506
worstparent_var10_oo,2_features_timeseries_60_sec.csv,710,14,6,0.4756,2,14,0.0058,0.6435,0.0,0.6376
worstparent_var10_oo,3_features_timeseries_60_sec.csv,710,14,6,0.2253,4,14,1.0,0.999,1.0,0.001
worstparent_var10_oo,4_features_timeseries_60_sec.csv,710,14,6,0.2054,4,14,1.0,1.0,1.0,0.0
worstparent_var10_oo,5_features_timeseries_60_sec.csv,710,14,6,0.1903,4,14,0.4237,0.8876,0.4056,0.4639
worstparent_var10_oo,6_features_timeseries_60_sec.csv,710,14,6,0.1893,4,14,1.0,1.0,1.0,0.0
worstparent_var10_oo,7_features_timeseries_60_sec.csv,710,14,6,0.2032,4,14,1.0,1.0,1.0,0.0
worstparent_var10_oo,8_features_timeseries_60_sec.csv,710,14,6,0.234,4,14,1.0,1.0,1.0,0.0
worstparent_var10_oo,9_features_timeseries_60_sec.csv,710,14,6,0.1744,4,14,1.0,1.0,0.4985,0.0
worstparent_var15_base,10_features_timeseries_60_sec.csv,710,14,6,0.4466,0,14,1.0,0.99,1.0,0.01
worstparent_var15_base,11_features_timeseries_60_sec.csv,710,14,6,0.2141,4,14,1.0,0.9519,1.0,0.0481
worstparent_var15_base,12_features_timeseries_60_sec.csv,710,14,6,0.2852,2,14,1.0,1.0,1.0,0.0
worstparent_var15_base,13_features_timeseries_60_sec.csv,710,14,6,0.2084,4,14,1.0,1.0,0.4985,0.0
worstparent_var15_base,14_features_timeseries_60_sec.csv,710,14,6,0.173,4,14,1.0,1.0,1.0,0.0
worstparent_var15_base,15_features_timeseries_60_sec.csv,710,14,6,0.1907,4,14,1.0,1.0,1.0,0.0
worstparent_var15_base,16_features_timeseries_60_sec.csv,710,14,6,0.1992,4,14,0.0957,0.8007,0.0058,0.7049
worstparent_var15_base,17_features_timeseries_60_sec.csv,710,14,6,0.212,4,14,1.0,1.0,1.0,0.0
worstparent_var15_base,18_features_timeseries_60_sec.csv,710,14,6,0.183,4,14,0.4769,1.0,0.4637,0.5231
worstparent_var15_base,19_features_timeseries_60_sec.csv,710,14,6,0.1439,4,14,1.0,1.0,1.0,0.0
worstparent_var15_base,1_features_timeseries_60_sec.csv,710,14,6,0.3775,2,14,0.1626,0.715,0.0449,0.5524
worstparent_var15_base,20_features_timeseries_60_sec.csv,710,14,6,0.5743,0,14,1.0,0.998,1.0,0.002
worstparent_var15_base,2_features_timeseries_60_sec.csv,710,14,6,0.563,0,14,0.494,0.8928,0.0116,0.3987
worstparent_var15_base,3_features_timeseries_60_sec.csv,710,14,6,0.526,0,14,0.494,0.9266,0.497,0.4326
worstparent_var15_base,4_features_timeseries_60_sec.csv,710,14,6,0.4381,0,14,1.0,1.0,1.0,0.0
worstparent_var15_base,5_features_timeseries_60_sec.csv,710,14,6,0.4992,0,14,1.0,0.999,1.0,0.001
worstparent_var15_base,6_features_timeseries_60_sec.csv,710,14,6,0.1672,4,14,0.472,0.977,0.472,0.5049
worstparent_var15_base,7_features_timeseries_60_sec.csv,710,14,6,0.6655,0,14,1.0,0.996,1.0,0.004
worstparent_var15_base,8_features_timeseries_60_sec.csv,710,14,6,0.1957,4,14,1.0,1.0,1.0,0.0
worstparent_var15_base,9_features_timeseries_60_sec.csv,710,14,6,0.6118,0,14,1.0,0.995,1.0,0.005
worstparent_var15_dec,10_features_timeseries_60_sec.csv,710,14,6,0.2341,4,14,0.4955,1.0,0.4925,0.5045
worstparent_var15_dec,11_features_timeseries_60_sec.csv,710,14,6,0.59,0,14,1.0,0.8678,1.0,0.1322
worstparent_var15_dec,12_features_timeseries_60_sec.csv,710,14,6,0.1817,4,14,1.0,1.0,1.0,0.0
worstparent_var15_dec,13_features_timeseries_60_sec.csv,710,14,6,0.5799,0,14,0.4955,0.9074,0.4925,0.4119
worstparent_var15_dec,14_features_timeseries_60_sec.csv,710,14,6,0.1786,4,14,0.4569,0.6769,0.4408,0.22
worstparent_var15_dec,15_features_timeseries_60_sec.csv,710,14,6,0.2148,4,14,0.4035,0.3333,0.0,0.0702
worstparent_var15_dec,16_features_timeseries_60_sec.csv,710,14,6,0.542,0,14,1.0,0.8018,1.0,0.1982
worstparent_var15_dec,17_features_timeseries_60_sec.csv,710,14,6,0.1668,4,14,1.0,0.999,1.0,0.001
worstparent_var15_dec,18_features_timeseries_60_sec.csv,710,14,6,0.5719,0,14,1.0,0.9599,1.0,0.0401
worstparent_var15_dec,19_features_timeseries_60_sec.csv,710,14,6,0.377,1,14,1.0,0.996,1.0,0.004
worstparent_var15_dec,1_features_timeseries_60_sec.csv,710,14,6,0.5027,2,14,1.0,0.7607,1.0,0.2393
worstparent_var15_dec,20_features_timeseries_60_sec.csv,710,14,6,0.2849,3,14,1.0,0.9276,1.0,0.0724
worstparent_var15_dec,2_features_timeseries_60_sec.csv,710,14,6,0.5819,0,14,1.0,0.763,1.0,0.237
worstparent_var15_dec,3_features_timeseries_60_sec.csv,710,14,6,0.4508,0,14,1.0,0.826,1.0,0.174
worstparent_var15_dec,4_features_timeseries_60_sec.csv,710,14,6,0.2112,4,14,1.0,1.0,1.0,0.0
worstparent_var15_dec,5_features_timeseries_60_sec.csv,710,14,6,0.5786,0,14,1.0,0.8793,1.0,0.1207
worstparent_var15_dec,6_features_timeseries_60_sec.csv,710,14,6,0.6084,0,14,1.0,0.9185,1.0,0.0815
worstparent_var15_dec,7_features_timeseries_60_sec.csv,710,14,6,0.2175,4,14,1.0,1.0,1.0,0.0
worstparent_var15_dec,8_features_timeseries_60_sec.csv,710,14,6,0.5651,0,14,0.4257,0.9519,0.4352,0.5262
worstparent_var15_dec,9_features_timeseries_60_sec.csv,710,14,6,0.2174,4,14,1.0,1.0,1.0,0.0
worstparent_var15_oo,10_features_timeseries_60_sec.csv,710,14,6,0.1541,4,14,0.4257,0.9103,0.4138,0.4846
worstparent_var15_oo,11_features_timeseries_60_sec.csv,710,14,6,0.3365,4,14,0.472,0.6703,0.4688,0.1983
worstparent_var15_oo,12_features_timeseries_60_sec.csv,710,14,6,0.3193,2,14,0.472,0.9458,0.4551,0.4738
worstparent_var15_oo,13_features_timeseries_60_sec.csv,710,14,6,0.5542,0,14,0.0,0.9589,0.0,0.9589
worstparent_var15_oo,14_features_timeseries_60_sec.csv,710,14,6,0.1766,4,14,0.3841,0.9428,0.3511,0.5588
worstparent_var15_oo,15_features_timeseries_60_sec.csv,710,14,6,0.1608,4,14,1.0,1.0,1.0,0.0
worstparent_var15_oo,16_features_timeseries_60_sec.csv,710,14,6,0.1982,4,14,0.4444,1.0,0.4295,0.5556
worstparent_var15_oo,17_features_timeseries_60_sec.csv,710,14,6,0.1727,4,14,0.4985,1.0,1.0,0.5015
worstparent_var15_oo,18_features_timeseries_60_sec.csv,710,14,6,0.219,4,14,0.3487,0.3333,0.0286,0.0153
worstparent_var15_oo,19_features_timeseries_60_sec.csv,710,14,6,0.1534,4,14,0.4014,0.992,0.395,0.5906
worstparent_var15_oo,1_features_timeseries_60_sec.csv,710,14,6,0.6219,0,14,0.1053,0.6269,0.1053,0.5217
worstparent_var15_oo,20_features_timeseries_60_sec.csv,710,14,6,0.5242,0,14,1.0,0.8796,0.4218,0.1204
worstparent_var15_oo,2_features_timeseries_60_sec.csv,710,14,6,0.4857,0,14,0.3585,1.0,0.3585,0.6415
worstparent_var15_oo,3_features_timeseries_60_sec.csv,710,14,6,0.4305,2,14,0.0,0.6847,0.0,0.6847
worstparent_var15_oo,4_features_timeseries_60_sec.csv,710,14,6,0.186,4,14,1.0,1.0,1.0,0.0
worstparent_var15_oo,5_features_timeseries_60_sec.csv,710,14,6,0.5211,1,14,0.2342,0.992,0.1626,0.7578
worstparent_var15_oo,6_features_timeseries_60_sec.csv,710,14,6,0.3857,0,14,0.3033,0.997,0.3089,0.6937
worstparent_var15_oo,7_features_timeseries_60_sec.csv,710,14,6,0.2136,4,14,0.4257,0.7939,0.3863,0.3682
worstparent_var15_oo,8_features_timeseries_60_sec.csv,710,14,6,0.1933,4,14,1.0,1.0,1.0,0.0
worstparent_var15_oo,9_features_timeseries_60_sec.csv,710,14,6,0.5436,0,14,0.3385,0.7431,0.2887,0.4046
worstparent_var20_base,10_features_timeseries_60_sec.csv,710,14,6,0.1386,4,14,1.0,1.0,1.0,0.0
worstparent_var20_base,11_features_timeseries_60_sec.csv,710,14,6,0.1264,4,14,0.4534,0.8667,0.4352,0.4133
worstparent_var20_base,12_features_timeseries_60_sec.csv,710,14,6,0.4946,1,14,1.0,1.0,1.0,0.0
worstparent_var20_base,13_features_timeseries_60_sec.csv,710,14,6,0.5867,0,14,1.0,0.9489,1.0,0.0511
worstparent_var20_base,14_features_timeseries_60_sec.csv,710,14,6,0.4927,0,14,1.0,1.0,1.0,0.0
worstparent_var20_base,15_features_timeseries_60_sec.csv,710,14,6,0.2164,4,14,1.0,1.0,1.0,0.0
worstparent_var20_base,16_features_timeseries_60_sec.csv,710,14,6,0.2464,4,14,1.0,0.974,1.0,0.026
worstparent_var20_base,17_features_timeseries_60_sec.csv,710,14,6,0.1638,4,14,1.0,1.0,1.0,0.0
worstparent_var20_base,18_features_timeseries_60_sec.csv,710,14,6,0.5197,0,14,1.0,0.814,1.0,0.186
worstparent_var20_base,19_features_timeseries_60_sec.csv,710,14,6,0.5303,0,14,0.2056,0.8647,0.1626,0.6591
worstparent_var20_base,1_features_timeseries_60_sec.csv,710,14,6,0.1502,4,14,0.4817,0.9093,0.472,0.4276
worstparent_var20_base,20_features_timeseries_60_sec.csv,710,14,6,0.3189,2,14,1.0,1.0,1.0,0.0
worstparent_var20_base,2_features_timeseries_60_sec.csv,710,14,6,0.1512,4,14,0.4925,0.986,0.4895,0.4935
worstparent_var20_base,3_features_timeseries_60_sec.csv,710,14,6,0.2924,2,14,1.0,1.0,1.0,0.0
worstparent_var20_base,4_features_timeseries_60_sec.csv,710,14,6,0.5932,0,14,1.0,0.995,1.0,0.005
worstparent_var20_base,5_features_timeseries_60_sec.csv,710,14,6,0.2132,4,14,1.0,1.0,1.0,0.0
worstparent_var20_base,6_features_timeseries_60_sec.csv,710,14,6,0.349,0,14,1.0,0.995,0.4985,0.005
worstparent_var20_base,7_features_timeseries_60_sec.csv,710,14,6,0.2101,4,14,1.0,0.9559,0.4603,0.0441
worstparent_var20_base,8_features_timeseries_60_sec.csv,710,14,6,0.3845,2,14,1.0,0.8782,1.0,0.1218
worstparent_var20_base,9_features_timeseries_60_sec.csv,710,14,6,0.4044,0,14,1.0,0.993,1.0,0.007
worstparent_var20_dec,10_features_timeseries_60_sec.csv,710,14,6,0.1766,4,14,1.0,0.9569,1.0,0.0431
worstparent_var20_dec,11_features_timeseries_60_sec.csv,710,14,6,0.1654,4,14,1.0,1.0,1.0,0.0
worstparent_var20_dec,12_features_timeseries_60_sec.csv,710,14,6,0.1598,4,14,1.0,0.7757,1.0,0.2243
worstparent_var20_dec,13_features_timeseries_60_sec.csv,710,14,6,0.2186,4,14,0.3863,0.3333,0.0,0.0529
worstparent_var20_dec,14_features_timeseries_60_sec.csv,710,14,6,0.2255,1,14,1.0,0.8326,1.0,0.1674
worstparent_var20_dec,15_features_timeseries_60_sec.csv,710,14,6,0.27,4,14,1.0,0.9,1.0,0.1
worstparent_var20_dec,16_features_timeseries_60_sec.csv,710,14,6,0.5297,0,14,1.0,0.967,1.0,0.033
worstparent_var20_dec,17_features_timeseries_60_sec.csv,710,14,6,0.1762,4,14,0.4817,1.0,0.4817,0.5183
worstparent_var20_dec,18_features_timeseries_60_sec.csv,710,14,6,0.578,2,14,0.4801,0.5088,1.0,0.0287
worstparent_var20_dec,19_features_timeseries_60_sec.csv,710,14,6,0.5676,0,14,1.0,0.9589,1.0,0.0411
worstparent_var20_dec,1_features_timeseries_60_sec.csv,710,14,6,0.216,4,14,0.2166,0.3333,0.0173,0.1167
worstparent_var20_dec,20_features_timeseries_60_sec.csv,710,14,6,0.1728,4,14,1.0,1.0,1.0,0.0
worstparent_var20_dec,2_features_timeseries_60_sec.csv,710,14,6,0.5834,0,14,1.0,0.8782,1.0,0.1218
worstparent_var20_dec,3_features_timeseries_60_sec.csv,710,14,6,0.543,0,14,0.0,0.7211,1.0,0.7211
worstparent_var20_dec,4_features_timeseries_60_sec.csv,710,14,6,0.1754,4,14,1.0,1.0,1.0,0.0
worstparent_var20_dec,5_features_timeseries_60_sec.csv,710,14,6,0.5762,0,14,0.0,0.6637,0.0,0.6637
worstparent_var20_dec,6_features_timeseries_60_sec.csv,710,14,6,0.588,0,14,1.0,0.8271,1.0,0.1729
worstparent_var20_dec,7_features_timeseries_60_sec.csv,710,14,6,0.4762,0,14,0.4817,0.991,0.4925,0.5093
worstparent_var20_dec,8_features_timeseries_60_sec.csv,710,14,6,0.5687,0,14,0.4371,0.9276,0.4753,0.4905
worstparent_var20_dec,9_features_timeseries_60_sec.csv,710,14,6,0.598,0,14,0.0449,0.9129,0.1457,0.8679
worstparent_var20_oo,10_features_timeseries_60_sec.csv,710,14,6,0.5681,0,14,1.0,0.992,1.0,0.008
worstparent_var20_oo,11_features_timeseries_60_sec.csv,710,14,6,0.3918,2,14,0.4753,0.8845,0.3633,0.4092
worstparent_var20_oo,12_features_timeseries_60_sec.csv,710,14,6,0.3112,0,14,0.3609,0.8751,0.3281,0.5142
worstparent_var20_oo,13_features_timeseries_60_sec.csv,710,14,6,0.4322,0,14,1.0,1.0,1.0,0.0
worstparent_var20_oo,14_features_timeseries_60_sec.csv,710,14,6,0.5161,0,14,0.3487,0.9246,0.3436,0.5759
worstparent_var20_oo,15_features_timeseries_60_sec.csv,710,14,6,0.3211,2,14,1.0,0.976,1.0,0.024
worstparent_var20_oo,16_features_timeseries_60_sec.csv,710,14,6,0.2353,4,14,1.0,1.0,1.0,0.0
worstparent_var20_oo,17_features_timeseries_60_sec.csv,710,14,6,0.4549,2,14,0.3281,0.966,0.2797,0.6379
worstparent_var20_oo,18_features_timeseries_60_sec.csv,710,14,6,0.1976,4,14,0.4737,0.999,0.3993,0.5253
worstparent_var20_oo,19_features_timeseries_60_sec.csv,710,14,6,0.5517,0,14,0.3307,0.995,0.4257,0.6643
worstparent_var20_oo,1_features_timeseries_60_sec.csv,710,14,6,0.5839,0,14,1.0,0.9256,1.0,0.0744
worstparent_var20_oo,20_features_timeseries_60_sec.csv,710,14,6,0.4622,2,14,0.3863,0.98,0.3333,0.5937
worstparent_var20_oo,2_features_timeseries_60_sec.csv,710,14,6,0.232,4,14,1.0,0.901,1.0,0.099
worstparent_var20_oo,3_features_timeseries_60_sec.csv,710,14,6,0.1754,4,14,0.3863,0.8217,0.3487,0.4354
worstparent_var20_oo,4_features_timeseries_60_sec.csv,710,14,6,0.5602,1,14,1.0,0.8772,1.0,0.1228
worstparent_var20_oo,5_features_timeseries_60_sec.csv,710,14,6,0.1713,2,14,1.0,0.992,1.0,0.008
worstparent_var20_oo,6_features_timeseries_60_sec.csv,710,14,6,0.1911,2,14,0.4257,0.9297,0.4138,0.504
worstparent_var20_oo,7_features_timeseries_60_sec.csv,710,14,6,0.5709,0,14,1.0,0.7692,1.0,0.2308
worstparent_var20_oo,8_features_timeseries_60_sec.csv,710,14,6,0.1958,4,14,1.0,1.0,1.0,0.0
worstparent_var20_oo,9_features_timeseries_60_sec.csv,710,14,6,0.5685,0,14,1.0,0.8029,0.3972,0.1971
worstparent_var5_base,10_features_timeseries_60_sec.csv,710,14,12,0.2416,4,14,1.0,1.0,1.0,0.0
worstparent_var5_base,11_features_timeseries_60_sec.csv,710,14,12,0.307,4,14,0.4895,0.3333,0.3117,0.1562
worstparent_var5_base,12_features_timeseries_60_sec.csv,710,14,12,0.2411,4,14,1.0,1.0,1.0,0.0
worstparent_var5_base,13_features_timeseries_60_sec.csv,710,14,12,0.276,4,14,1.0,1.0,1.0,0.0
worstparent_var5_base,14_features_timeseries_60_sec.csv,710,14,12,0.4918,0,14,0.0,0.6756,0.0,0.6756
worstparent_var5_base,15_features_timeseries_60_sec.csv,710,14,12,0.2558,4,14,1.0,1.0,1.0,0.0
worstparent_var5_base,16_features_timeseries_60_sec.csv,710,14,13,0.2587,4,14,1.0,0.9629,1.0,0.0371
worstparent_var5_base,17_features_timeseries_60_sec.csv,710,14,12,0.2788,4,14,0.4498,0.3333,0.0,0.1165
worstparent_var5_base,18_features_timeseries_60_sec.csv,710,14,12,0.2414,4,14,0.2202,0.3333,0.0,0.1131
worstparent_var5_base,19_features_timeseries_60_sec.csv,710,14,6,0.1867,4,14,1.0,1.0,1.0,0.0
worstparent_var5_base,1_features_timeseries_60_sec.csv,710,14,6,0.5051,0,14,1.0,0.998,1.0,0.002
worstparent_var5_base,20_features_timeseries_60_sec.csv,710,14,12,0.2491,4,14,1.0,1.0,1.0,0.0
worstparent_var5_base,2_features_timeseries_60_sec.csv,710,14,12,0.2591,4,14,1.0,1.0,1.0,0.0
worstparent_var5_base,3_features_timeseries_60_sec.csv,710,14,12,0.2489,4,14,0.4014,1.0,0.3993,0.5986
worstparent_var5_base,4_features_timeseries_60_sec.csv,710,14,6,0.1985,4,14,1.0,1.0,1.0,0.0
worstparent_var5_base,5_features_timeseries_60_sec.csv,710,14,12,0.2376,4,14,0.4314,0.3338,0.1667,0.0977
worstparent_var5_base,6_features_timeseries_60_sec.csv,710,14,12,0.2344,4,14,1.0,0.998,1.0,0.002
worstparent_var5_base,7_features_timeseries_60_sec.csv,710,14,12,0.2683,4,14,0.2827,0.3333,0.0,0.0506
worstparent_var5_base,8_features_timeseries_60_sec.csv,710,14,12,0.2864,4,14,1.0,1.0,1.0,0.0
worstparent_var5_base,9_features_timeseries_60_sec.csv,710,14,12,0.2333,4,14,1.0,1.0,1.0,0.0
worstparent_var5_dec,10_features_timeseries_60_sec.csv,710,14,12,0.2628,4,14,1.0,1.0,1.0,0.0
worstparent_var5_dec,11_features_timeseries_60_sec.csv,710,14,12,0.2547,4,14,0.4955,0.34,0.2511,0.1556
worstparent_var5_dec,12_features_timeseries_60_sec.csv,710,14,12,0.2722,4,14,0.3704,0.3333,0.0,0.037
worstparent_var5_dec,13_features_timeseries_60_sec.csv,710,14,12,0.2785,4,14,1.0,0.991,1.0,0.009
worstparent_var5_dec,14_features_timeseries_60_sec.csv,710,14,12,0.2378,4,14,1.0,1.0,1.0,0.0
worstparent_var5_dec,15_features_timeseries_60_sec.csv,710,14,12,0.2859,4,14,0.4534,0.3329,0.1282,0.1205
worstparent_var5_dec,16_features_timeseries_60_sec.csv,710,14,12,0.2917,4,14,1.0,1.0,1.0,0.0
worstparent_var5_dec,17_features_timeseries_60_sec.csv,710,14,12,0.2965,4,14,0.2797,0.3333,0.0,0.0537
worstparent_var5_dec,18_features_timeseries_60_sec.csv,710,14,12,0.2707,4,14,0.4753,0.3351,0.2704,0.1402
worstparent_var5_dec,19_features_timeseries_60_sec.csv,710,14,12,0.2507,4,14,1.0,1.0,1.0,0.0
worstparent_var5_dec,1_features_timeseries_60_sec.csv,710,14,12,0.2464,4,14,1.0,1.0,1.0,0.0
worstparent_var5_dec,20_features_timeseries_60_sec.csv,710,14,12,0.2589,4,14,1.0,0.985,1.0,0.015
worstparent_var5_dec,2_features_timeseries_60_sec.csv,710,14,12,0.273,4,14,1.0,1.0,1.0,0.0
worstparent_var5_dec,3_features_timeseries_60_sec.csv,710,14,12,0.2381,4,14,0.4848,1.0,0.4848,0.5152
worstparent_var5_dec,4_features_timeseries_60_sec.csv,710,14,6,0.252,4,14,1.0,1.0,1.0,0.0
worstparent_var5_dec,5_features_timeseries_60_sec.csv,710,14,12,0.2296,4,14,0.4097,0.353,0.0909,0.0567
worstparent_var5_dec,6_features_timeseries_60_sec.csv,710,14,12,0.2315,4,14,1.0,1.0,1.0,0.0
worstparent_var5_dec,7_features_timeseries_60_sec.csv,710,14,12,0.2361,4,14,0.2019,0.3333,0.0,0.1315
worstparent_var5_dec,8_features_timeseries_60_sec.csv,710,14,12,0.2663,2,14,1.0,0.9286,1.0,0.0714
worstparent_var5_dec,9_features_timeseries_60_sec.csv,710,14,8,0.1621,4,14,1.0,0.9062,1.0,0.0938
worstparent_var5_oo,10_features_timeseries_60_sec.csv,710,14,12,0.195,4,14,0.4753,0.5088,0.3863,0.0335
worstparent_var5_oo,11_features_timeseries_60_sec.csv,710,14,12,0.2743,4,14,1.0,1.0,1.0,0.0
worstparent_var5_oo,12_features_timeseries_60_sec.csv,710,14,12,0.1865,4,14,1.0,1.0,1.0,0.0
worstparent_var5_oo,13_features_timeseries_60_sec.csv,710,14,12,0.2025,4,14,1.0,1.0,1.0,0.0
worstparent_var5_oo,14_features_timeseries_60_sec.csv,710,14,12,0.1925,4,14,1.0,1.0,1.0,0.0
worstparent_var5_oo,15_features_timeseries_60_sec.csv,710,14,12,0.2551,4,14,0.4426,0.504,0.2917,0.0614
worstparent_var5_oo,16_features_timeseries_60_sec.csv,710,14,12,0.2493,4,14,1.0,1.0,1.0,0.0
worstparent_var5_oo,17_features_timeseries_60_sec.csv,710,14,12,0.2125,4,14,1.0,1.0,1.0,0.0
worstparent_var5_oo,18_features_timeseries_60_sec.csv,710,14,12,0.2251,4,14,1.0,1.0,1.0,0.0
worstparent_var5_oo,19_features_timeseries_60_sec.csv,710,14,12,0.2303,4,14,1.0,0.995,1.0,0.005
worstparent_var5_oo,1_features_timeseries_60_sec.csv,710,14,12,0.1742,4,14,1.0,1.0,1.0,0.0
worstparent_var5_oo,20_features_timeseries_60_sec.csv,710,14,12,0.2107,4,14,1.0,0.996,1.0,0.004
worstparent_var5_oo,2_features_timeseries_60_sec.csv,710,14,12,0.2408,4,14,0.4218,0.989,0.4158,0.5672
worstparent_var5_oo,3_features_timeseries_60_sec.csv,710,14,12,0.2639,4,14,0.4481,0.6408,0.3536,0.1927
worstparent_var5_oo,4_features_timeseries_60_sec.csv,710,14,12,0.2237,4,14,1.0,1.0,1.0,0.0
worstparent_var5_oo,5_features_timeseries_60_sec.csv,710,14,12,0.1994,4,14,0.4314,0.8635,0.4178,0.4321
worstparent_var5_oo,6_features_timeseries_60_sec.csv,710,14,12,0.2522,4,14,1.0,0.998,1.0,0.002
worstparent_var5_oo,7_features_timeseries_60_sec.csv,710,14,12,0.2688,4,14,0.4118,0.9266,0.3818,0.5148
worstparent_var5_oo,8_features_timeseries_60_sec.csv,710,14,12,0.2021,4,14,0.462,0.5055,0.3333,0.0434
worstparent_var5_oo,9_features_timeseries_60_sec.csv,710,14,12,0.2125,4,14,1.0,1.0,1.0,0.0
